agent,step,x,y,score
0,0,668.4081420898438,1150.407958984375,-1.061853289604187
0,1,669.2210083007812,1150.0418701171875,-1.061853289604187
0,2,670.021484375,1149.692626953125,-1.061853289604187
0,3,670.8082885742188,1149.356201171875,-1.061853289604187
0,4,671.5784301757812,1149.0338134765625,-1.061853289604187
0,5,672.3316040039062,1148.72509765625,-1.061853289604187
0,6,673.0661010742188,1148.4317626953125,-1.061853289604187
0,7,673.7784423828125,1148.1558837890625,-1.061853289604187
0,8,674.4697265625,1147.8951416015625,-1.061853289604187
0,9,675.1357421875,1147.651611328125,-1.061853289604187
0,10,675.7769165039062,1147.4267578125,-1.061853289604187
0,11,676.3907470703125,1147.217529296875,-1.061853289604187
0,12,676.974365234375,1147.029052734375,-1.061853289604187
0,13,677.5277709960938,1146.85888671875,-1.061853289604187
0,14,678.049072265625,1146.7095947265625,-1.061853289604187
0,15,678.5362548828125,1146.5810546875,-1.061853289604187
0,16,678.9880981445312,1146.4736328125,-1.061853289604187
0,17,679.4017944335938,1146.3875732421875,-1.061853289604187
0,18,679.7771606445312,1146.3253173828125,-1.061853289604187
0,19,680.111572265625,1146.28564453125,-1.061853289604187
0,20,680.4034423828125,1146.269775390625,-1.061853289604187
0,21,680.6521606445312,1146.27734375,-1.061853289604187
0,22,680.8554077148438,1146.3111572265625,-1.061853289604187
0,23,681.0109252929688,1146.3692626953125,-1.061853289604187
0,24,681.1180419921875,1146.4549560546875,-1.061853289604187
0,25,681.1736450195312,1146.566162109375,-1.061853289604187
0,26,681.177734375,1146.7056884765625,-1.061853289604187
0,27,681.1277465820312,1146.8734130859375,-1.061853289604187
0,28,681.0224609375,1147.0693359375,-1.061853289604187
0,29,680.8580322265625,1147.294189453125,-1.061853289604187
1,0,680.9763793945312,1150.344970703125,-1.067285418510437
1,1,681.3140258789062,1149.7740478515625,-1.067285418510437
1,2,681.6621704101562,1149.2603759765625,-1.067285418510437
1,3,682.0220947265625,1148.7713623046875,-1.067285418510437
1,4,682.3778076171875,1148.3114013671875,-1.067285418510437
1,5,682.7398681640625,1147.8702392578125,-1.067285418510437
1,6,683.1067504882812,1147.459228515625,-1.067285418510437
1,7,683.4628295898438,1147.090576171875,-1.067285418510437
1,8,683.8250732421875,1146.738525390625,-1.067285418510437
1,9,684.1753540039062,1146.4168701171875,-1.067285418510437
1,10,684.5247802734375,1146.1317138671875,-1.067285418510437
1,11,684.8675537109375,1145.8536376953125,-1.067285418510437
1,12,685.1921997070312,1145.6190185546875,-1.067285418510437
1,13,685.5084228515625,1145.4046630859375,-1.067285418510437
1,14,685.8136596679688,1145.224853515625,-1.067285418510437
1,15,686.1023559570312,1145.0740966796875,-1.067285418510437
1,16,686.37890625,1144.9517822265625,-1.067285418510437
1,17,686.6290893554688,1144.85400390625,-1.067285418510437
1,18,686.8651123046875,1144.7958984375,-1.067285418510437
1,19,687.076416015625,1144.7626953125,-1.067285418510437
1,20,687.261474609375,1144.75830078125,-1.067285418510437
1,21,687.4283447265625,1144.778076171875,-1.067285418510437
1,22,687.5693359375,1144.8375244140625,-1.067285418510437
1,23,687.6777954101562,1144.9146728515625,-1.067285418510437
1,24,687.7591552734375,1145.0357666015625,-1.067285418510437
1,25,687.8007202148438,1145.174560546875,-1.067285418510437
1,26,687.8136596679688,1145.350341796875,-1.067285418510437
1,27,687.7896118164062,1145.5592041015625,-1.067285418510437
1,28,687.7294311523438,1145.7947998046875,-1.067285418510437
1,29,687.6146240234375,1146.058349609375,-1.067285418510437
2,0,661.796142578125,1151.9412841796875,-0.9956414103507996
2,1,662.8074340820312,1151.484619140625,-0.9956414103507996
2,2,663.7954711914062,1151.0389404296875,-0.9956414103507996
2,3,664.7589111328125,1150.60400390625,-0.9956414103507996
2,4,665.6959228515625,1150.180908203125,-0.9956414103507996
2,5,666.60546875,1149.7705078125,-0.9956414103507996
2,6,667.4861450195312,1149.3739013671875,-0.9956414103507996
2,7,668.3359375,1148.99267578125,-0.9956414103507996
2,8,669.1541748046875,1148.6268310546875,-0.9956414103507996
2,9,669.9387817382812,1148.27783203125,-0.9956414103507996
2,10,670.6888427734375,1147.947021484375,-0.9956414103507996
2,11,671.4027099609375,1147.6341552734375,-0.9956414103507996
2,12,672.07861328125,1147.3416748046875,-0.9956414103507996
2,13,672.7155151367188,1147.069580078125,-0.9956414103507996
2,14,673.31201171875,1146.8194580078125,-0.9956414103507996
2,15,673.866455078125,1146.5921630859375,-0.9956414103507996
2,16,674.3776245117188,1146.3885498046875,-0.9956414103507996
2,17,674.8436889648438,1146.20947265625,-0.9956414103507996
2,18,675.2637329101562,1146.056396484375,-0.9956414103507996
2,19,675.6359252929688,1145.9300537109375,-0.9956414103507996
2,20,675.9589233398438,1145.831298828125,-0.9956414103507996
2,21,676.2315063476562,1145.760986328125,-0.9956414103507996
2,22,676.4521484375,1145.720703125,-0.9956414103507996
2,23,676.6192016601562,1145.7108154296875,-0.9956414103507996
2,24,676.7314453125,1145.73291015625,-0.9956414103507996
2,25,676.7871704101562,1145.7872314453125,-0.9956414103507996
2,26,676.7852783203125,1145.87548828125,-0.9956414103507996
2,27,676.72412109375,1145.99853515625,-0.9956414103507996
2,28,676.6024169921875,1146.156982421875,-0.9956414103507996
2,29,676.4180297851562,1146.3519287109375,-0.9956414103507996
3,0,710.781005859375,1153.0838623046875,2.3118231296539307
3,1,710.7887573242188,1153.0831298828125,2.3118231296539307
3,2,710.7935180664062,1153.0716552734375,2.3118231296539307
3,3,710.8090209960938,1153.080810546875,2.3118231296539307
3,4,710.77490234375,1153.0748291015625,2.3118231296539307
3,5,710.7960205078125,1153.1011962890625,2.3118231296539307
3,6,710.8016357421875,1153.0830078125,2.3118231296539307
3,7,710.7813110351562,1153.04736328125,2.3118231296539307
3,8,710.8067626953125,1153.0826416015625,2.3118231296539307
3,9,710.7841186523438,1153.06298828125,2.3118231296539307
3,10,710.7886352539062,1153.078125,2.3118231296539307
3,11,710.7907104492188,1153.06982421875,2.3118231296539307
3,12,710.7928466796875,1153.0653076171875,2.3118231296539307
3,13,710.7872924804688,1153.083251953125,2.3118231296539307
3,14,710.7928466796875,1153.08642578125,2.3118231296539307
3,15,710.7776489257812,1153.0784912109375,2.3118231296539307
3,16,710.7997436523438,1153.0950927734375,2.3118231296539307
3,17,710.786865234375,1153.0926513671875,2.3118231296539307
3,18,710.7998657226562,1153.0916748046875,2.3118231296539307
3,19,710.8036499023438,1153.1048583984375,2.3118231296539307
3,20,710.7771606445312,1153.096435546875,2.3118231296539307
3,21,710.786376953125,1153.0823974609375,2.3118231296539307
3,22,710.7943725585938,1153.078857421875,2.3118231296539307
3,23,710.791748046875,1153.08935546875,2.3118231296539307
3,24,710.7862548828125,1153.087646484375,2.3118231296539307
3,25,710.8046264648438,1153.093017578125,2.3118231296539307
3,26,710.8115844726562,1153.0726318359375,2.3118231296539307
3,27,710.8032836914062,1153.0911865234375,2.3118231296539307
3,28,710.8010864257812,1153.07861328125,2.3118231296539307
3,29,710.8021850585938,1153.0908203125,2.3118231296539307
4,0,700.6028442382812,1140.564453125,-0.257275253534317
4,1,699.916748046875,1138.3818359375,-0.257275253534317
4,2,699.2540283203125,1136.2734375,-0.257275253534317
4,3,698.6143188476562,1134.23876953125,-0.257275253534317
4,4,697.997314453125,1132.278564453125,-0.257275253534317
4,5,697.4033813476562,1130.393310546875,-0.257275253534317
4,6,696.83251953125,1128.583740234375,-0.257275253534317
4,7,696.28466796875,1126.850830078125,-0.257275253534317
4,8,695.7599487304688,1125.1947021484375,-0.257275253534317
4,9,695.2583618164062,1123.615966796875,-0.257275253534317
4,10,694.7799682617188,1122.115966796875,-0.257275253534317
4,11,694.32470703125,1120.6939697265625,-0.257275253534317
4,12,693.8927001953125,1119.3519287109375,-0.257275253534317
4,13,693.4839477539062,1118.0897216796875,-0.257275253534317
4,14,693.0985717773438,1116.9083251953125,-0.257275253534317
4,15,692.7366333007812,1115.8084716796875,-0.257275253534317
4,16,692.3980712890625,1114.790283203125,-0.257275253534317
4,17,692.082763671875,1113.854736328125,-0.257275253534317
4,18,691.791259765625,1113.0025634765625,-0.257275253534317
4,19,691.5230712890625,1112.234375,-0.257275253534317
4,20,691.2784423828125,1111.5504150390625,-0.257275253534317
4,21,691.0574340820312,1110.951416015625,-0.257275253534317
4,22,690.8602294921875,1110.4383544921875,-0.257275253534317
4,23,690.6865844726562,1110.011474609375,-0.257275253534317
4,24,690.53662109375,1109.671875,-0.257275253534317
4,25,690.4103393554688,1109.41943359375,-0.257275253534317
4,26,690.307861328125,1109.25537109375,-0.257275253534317
4,27,690.2293090820312,1109.1805419921875,-0.257275253534317
4,28,690.1746215820312,1109.19482421875,-0.257275253534317
4,29,690.143310546875,1109.2989501953125,-0.257275253534317
5,0,710.767333984375,1153.101318359375,2.3220908641815186
5,1,710.7662353515625,1153.082275390625,2.3220908641815186
5,2,710.7755126953125,1153.0601806640625,2.3220908641815186
5,3,710.786376953125,1153.069580078125,2.3220908641815186
5,4,710.7700805664062,1153.0736083984375,2.3220908641815186
5,5,710.7703857421875,1153.08642578125,2.3220908641815186
5,6,710.7798461914062,1153.0672607421875,2.3220908641815186
5,7,710.7808837890625,1153.050048828125,2.3220908641815186
5,8,710.7908325195312,1153.0736083984375,2.3220908641815186
5,9,710.7757568359375,1153.0540771484375,2.3220908641815186
5,10,710.7831420898438,1153.0784912109375,2.3220908641815186
5,11,710.7813110351562,1153.0513916015625,2.3220908641815186
5,12,710.786376953125,1153.0692138671875,2.3220908641815186
5,13,710.7698974609375,1153.064453125,2.3220908641815186
5,14,710.7855224609375,1153.08447265625,2.3220908641815186
5,15,710.7793579101562,1153.077392578125,2.3220908641815186
5,16,710.7850952148438,1153.07763671875,2.3220908641815186
5,17,710.7843017578125,1153.0810546875,2.3220908641815186
5,18,710.7884521484375,1153.0806884765625,2.3220908641815186
5,19,710.797607421875,1153.09765625,2.3220908641815186
5,20,710.7775268554688,1153.0853271484375,2.3220908641815186
5,21,710.790283203125,1153.081787109375,2.3220908641815186
5,22,710.8040161132812,1153.0794677734375,2.3220908641815186
5,23,710.7891845703125,1153.0804443359375,2.3220908641815186
5,24,710.782470703125,1153.085693359375,2.3220908641815186
5,25,710.796142578125,1153.09716796875,2.3220908641815186
5,26,710.7974243164062,1153.0865478515625,2.3220908641815186
5,27,710.8049926757812,1153.0899658203125,2.3220908641815186
5,28,710.8060302734375,1153.0863037109375,2.3220908641815186
5,29,710.8025512695312,1153.111328125,2.3220908641815186
6,0,710.8233642578125,1153.06103515625,2.2791731357574463
6,1,710.8035278320312,1153.067138671875,2.2791731357574463
6,2,710.8121337890625,1153.043212890625,2.2791731357574463
6,3,710.8246459960938,1153.057861328125,2.2791731357574463
6,4,710.8012084960938,1153.0694580078125,2.2791731357574463
6,5,710.8002319335938,1153.062744140625,2.2791731357574463
6,6,710.7781372070312,1153.07568359375,2.2791731357574463
6,7,710.8102416992188,1153.049560546875,2.2791731357574463
6,8,710.8289184570312,1153.06396484375,2.2791731357574463
6,9,710.791259765625,1153.0540771484375,2.2791731357574463
6,10,710.8114013671875,1153.0809326171875,2.2791731357574463
6,11,710.7980346679688,1153.05859375,2.2791731357574463
6,12,710.8096923828125,1153.0703125,2.2791731357574463
6,13,710.803955078125,1153.0792236328125,2.2791731357574463
6,14,710.806884765625,1153.0753173828125,2.2791731357574463
6,15,710.7837524414062,1153.083984375,2.2791731357574463
6,16,710.7985229492188,1153.06298828125,2.2791731357574463
6,17,710.7993774414062,1153.0828857421875,2.2791731357574463
6,18,710.8132934570312,1153.0865478515625,2.2791731357574463
6,19,710.8078002929688,1153.089599609375,2.2791731357574463
6,20,710.7968139648438,1153.0784912109375,2.2791731357574463
6,21,710.7996215820312,1153.0859375,2.2791731357574463
6,22,710.7994995117188,1153.0703125,2.2791731357574463
6,23,710.7977905273438,1153.0731201171875,2.2791731357574463
6,24,710.8035888671875,1153.0794677734375,2.2791731357574463
6,25,710.8084106445312,1153.0938720703125,2.2791731357574463
6,26,710.8074340820312,1153.085693359375,2.2791731357574463
6,27,710.8212280273438,1153.08251953125,2.2791731357574463
6,28,710.8007202148438,1153.072021484375,2.2791731357574463
6,29,710.8290405273438,1153.107177734375,2.2791731357574463
7,0,710.776611328125,1153.11669921875,2.3185949325561523
7,1,710.78369140625,1153.09375,2.3185949325561523
7,2,710.7958374023438,1153.075439453125,2.3185949325561523
7,3,710.8020629882812,1153.09033203125,2.3185949325561523
7,4,710.7947998046875,1153.0985107421875,2.3185949325561523
7,5,710.78466796875,1153.0899658203125,2.3185949325561523
7,6,710.7929077148438,1153.0828857421875,2.3185949325561523
7,7,710.794921875,1153.0677490234375,2.3185949325561523
7,8,710.81396484375,1153.0830078125,2.3185949325561523
7,9,710.7844848632812,1153.067626953125,2.3185949325561523
7,10,710.7987060546875,1153.080810546875,2.3185949325561523
7,11,710.8006591796875,1153.0665283203125,2.3185949325561523
7,12,710.8042602539062,1153.06982421875,2.3185949325561523
7,13,710.7763671875,1153.0830078125,2.3185949325561523
7,14,710.799560546875,1153.0794677734375,2.3185949325561523
7,15,710.7843017578125,1153.085693359375,2.3185949325561523
7,16,710.7941284179688,1153.0789794921875,2.3185949325561523
7,17,710.7931518554688,1153.0921630859375,2.3185949325561523
7,18,710.7896728515625,1153.083740234375,2.3185949325561523
7,19,710.805908203125,1153.0994873046875,2.3185949325561523
7,20,710.7854614257812,1153.0670166015625,2.3185949325561523
7,21,710.7965698242188,1153.0810546875,2.3185949325561523
7,22,710.8015747070312,1153.0869140625,2.3185949325561523
7,23,710.7860717773438,1153.074951171875,2.3185949325561523
7,24,710.7903442382812,1153.0936279296875,2.3185949325561523
7,25,710.7996215820312,1153.0986328125,2.3185949325561523
7,26,710.8102416992188,1153.097412109375,2.3185949325561523
7,27,710.7978515625,1153.095703125,2.3185949325561523
7,28,710.8003540039062,1153.085205078125,2.3185949325561523
7,29,710.7796630859375,1153.1142578125,2.3185949325561523
8,0,711.3248291015625,1157.0909423828125,0.35153236985206604
8,1,711.4812622070312,1157.8792724609375,0.35153236985206604
8,2,711.5528564453125,1157.2420654296875,0.35153236985206604
8,3,711.4617919921875,1157.1962890625,0.35153236985206604
8,4,711.402587890625,1157.1422119140625,0.35153236985206604
8,5,711.5975341796875,1156.692626953125,0.35153236985206604
8,6,711.6723022460938,1156.6683349609375,0.35153236985206604
8,7,711.2908325195312,1156.1920166015625,0.35153236985206604
8,8,711.3158569335938,1155.9949951171875,0.35153236985206604
8,9,711.1348876953125,1155.544189453125,0.35153236985206604
8,10,711.3336181640625,1155.5108642578125,0.35153236985206604
8,11,711.047119140625,1155.0255126953125,0.35153236985206604
8,12,711.0144653320312,1154.784912109375,0.35153236985206604
8,13,710.8623046875,1154.2840576171875,0.35153236985206604
8,14,710.8623657226562,1154.1622314453125,0.35153236985206604
8,15,710.6500244140625,1153.6822509765625,0.35153236985206604
8,16,710.4560546875,1153.275390625,0.35153236985206604
8,17,710.292236328125,1153.3897705078125,0.35153236985206604
8,18,710.4544677734375,1153.099609375,0.35153236985206604
8,19,710.2566528320312,1152.8629150390625,0.35153236985206604
8,20,710.2249145507812,1152.8466796875,0.35153236985206604
8,21,710.1096801757812,1152.3707275390625,0.35153236985206604
8,22,710.1079711914062,1152.1103515625,0.35153236985206604
8,23,710.0302734375,1152.15576171875,0.35153236985206604
8,24,710.0648193359375,1151.705078125,0.35153236985206604
8,25,710.1138916015625,1151.84619140625,0.35153236985206604
8,26,709.6868286132812,1151.1478271484375,0.35153236985206604
8,27,709.9027099609375,1151.700927734375,0.35153236985206604
8,28,709.9860229492188,1151.3089599609375,0.35153236985206604
8,29,709.9086303710938,1151.0924072265625,0.35153236985206604
9,0,704.74853515625,1122.33837890625,-0.7694808840751648
9,1,704.4988403320312,1121.500732421875,-0.7694808840751648
9,2,704.2565307617188,1120.7156982421875,-0.7694808840751648
9,3,704.0219116210938,1119.9813232421875,-0.7694808840751648
9,4,703.79541015625,1119.296875,-0.7694808840751648
9,5,703.57763671875,1118.6619873046875,-0.7694808840751648
9,6,703.3695068359375,1118.075927734375,-0.7694808840751648
9,7,703.171630859375,1117.538818359375,-0.7694808840751648
9,8,702.9844970703125,1117.04931640625,-0.7694808840751648
9,9,702.8088989257812,1116.6068115234375,-0.7694808840751648
9,10,702.6453857421875,1116.211669921875,-0.7694808840751648
9,11,702.4945068359375,1115.8616943359375,-0.7694808840751648
9,12,702.3571166992188,1115.5577392578125,-0.7694808840751648
9,13,702.2337036132812,1115.2984619140625,-0.7694808840751648
9,14,702.1250610351562,1115.0838623046875,-0.7694808840751648
9,15,702.0319213867188,1114.9132080078125,-0.7694808840751648
9,16,701.9547119140625,1114.7855224609375,-0.7694808840751648
9,17,701.8939819335938,1114.700439453125,-0.7694808840751648
9,18,701.8509521484375,1114.6578369140625,-0.7694808840751648
9,19,701.8256225585938,1114.65673828125,-0.7694808840751648
9,20,701.8189697265625,1114.696533203125,-0.7694808840751648
9,21,701.8314819335938,1114.7763671875,-0.7694808840751648
9,22,701.8641357421875,1114.896484375,-0.7694808840751648
9,23,701.917236328125,1115.0555419921875,-0.7694808840751648
9,24,701.9915771484375,1115.2535400390625,-0.7694808840751648
9,25,702.087646484375,1115.4892578125,-0.7694808840751648
9,26,702.2063598632812,1115.7626953125,-0.7694808840751648
9,27,702.3482055664062,1116.0733642578125,-0.7694808840751648
9,28,702.513916015625,1116.4202880859375,-0.7694808840751648
9,29,702.7036743164062,1116.8026123046875,-0.7694808840751648
10,0,710.7890014648438,1153.099365234375,2.318089723587036
10,1,710.7843627929688,1153.0966796875,2.318089723587036
10,2,710.7838745117188,1153.082763671875,2.318089723587036
10,3,710.784423828125,1153.0692138671875,2.318089723587036
10,4,710.77197265625,1153.0675048828125,2.318089723587036
10,5,710.7694091796875,1153.0731201171875,2.318089723587036
10,6,710.7713012695312,1153.079833984375,2.318089723587036
10,7,710.7946166992188,1153.07275390625,2.318089723587036
10,8,710.793212890625,1153.08056640625,2.318089723587036
10,9,710.7637939453125,1153.0703125,2.318089723587036
10,10,710.7872924804688,1153.0762939453125,2.318089723587036
10,11,710.7943725585938,1153.0714111328125,2.318089723587036
10,12,710.7872314453125,1153.072265625,2.318089723587036
10,13,710.7705688476562,1153.07763671875,2.318089723587036
10,14,710.7810668945312,1153.0792236328125,2.318089723587036
10,15,710.7798461914062,1153.060791015625,2.318089723587036
10,16,710.801025390625,1153.0701904296875,2.318089723587036
10,17,710.7803344726562,1153.0823974609375,2.318089723587036
10,18,710.7882690429688,1153.078125,2.318089723587036
10,19,710.7865600585938,1153.084228515625,2.318089723587036
10,20,710.779296875,1153.0653076171875,2.318089723587036
10,21,710.788330078125,1153.0799560546875,2.318089723587036
10,22,710.7892456054688,1153.0848388671875,2.318089723587036
10,23,710.78857421875,1153.0673828125,2.318089723587036
10,24,710.779052734375,1153.0816650390625,2.318089723587036
10,25,710.7930908203125,1153.0897216796875,2.318089723587036
10,26,710.789794921875,1153.0838623046875,2.318089723587036
10,27,710.7904052734375,1153.081787109375,2.318089723587036
10,28,710.7882690429688,1153.1002197265625,2.318089723587036
10,29,710.7767333984375,1153.0992431640625,2.318089723587036
11,0,710.7642822265625,1153.0958251953125,2.2820584774017334
11,1,710.7639770507812,1153.107666015625,2.2820584774017334
11,2,710.77490234375,1153.08837890625,2.2820584774017334
11,3,710.7832641601562,1153.0777587890625,2.2820584774017334
11,4,710.7813110351562,1153.075927734375,2.2820584774017334
11,5,710.7666625976562,1153.0814208984375,2.2820584774017334
11,6,710.7692260742188,1153.091796875,2.2820584774017334
11,7,710.7929077148438,1153.0867919921875,2.2820584774017334
11,8,710.7984619140625,1153.095947265625,2.2820584774017334
11,9,710.7679443359375,1153.0897216796875,2.2820584774017334
11,10,710.807861328125,1153.10107421875,2.2820584774017334
11,11,710.7996215820312,1153.0845947265625,2.2820584774017334
11,12,710.7974853515625,1153.1065673828125,2.2820584774017334
11,13,710.7877807617188,1153.101318359375,2.2820584774017334
11,14,710.7906494140625,1153.0980224609375,2.2820584774017334
11,15,710.7969970703125,1153.0823974609375,2.2820584774017334
11,16,710.8038330078125,1153.0987548828125,2.2820584774017334
11,17,710.7951049804688,1153.10693359375,2.2820584774017334
11,18,710.8031616210938,1153.1063232421875,2.2820584774017334
11,19,710.8068237304688,1153.102294921875,2.2820584774017334
11,20,710.797119140625,1153.1058349609375,2.2820584774017334
11,21,710.8018798828125,1153.1068115234375,2.2820584774017334
11,22,710.8035278320312,1153.1058349609375,2.2820584774017334
11,23,710.8029174804688,1153.0897216796875,2.2820584774017334
11,24,710.7963256835938,1153.095458984375,2.2820584774017334
11,25,710.8001098632812,1153.1090087890625,2.2820584774017334
11,26,710.8058471679688,1153.1055908203125,2.2820584774017334
11,27,710.8053588867188,1153.0953369140625,2.2820584774017334
11,28,710.80322265625,1153.11376953125,2.2820584774017334
11,29,710.800537109375,1153.1253662109375,2.2820584774017334
12,0,710.800537109375,1153.0706787109375,2.3119332790374756
12,1,710.7913208007812,1153.081787109375,2.3119332790374756
12,2,710.7954711914062,1153.060791015625,2.3119332790374756
12,3,710.8245849609375,1153.0833740234375,2.3119332790374756
12,4,710.7993774414062,1153.0850830078125,2.3119332790374756
12,5,710.7962036132812,1153.1004638671875,2.3119332790374756
12,6,710.7889404296875,1153.095458984375,2.3119332790374756
12,7,710.8017578125,1153.0670166015625,2.3119332790374756
12,8,710.8394775390625,1153.071533203125,2.3119332790374756
12,9,710.8045654296875,1153.06201171875,2.3119332790374756
12,10,710.8201293945312,1153.1019287109375,2.3119332790374756
12,11,710.8101806640625,1153.0679931640625,2.3119332790374756
12,12,710.8162841796875,1153.081298828125,2.3119332790374756
12,13,710.8110961914062,1153.0943603515625,2.3119332790374756
12,14,710.806884765625,1153.077392578125,2.3119332790374756
12,15,710.7882080078125,1153.08837890625,2.3119332790374756
12,16,710.7955322265625,1153.0682373046875,2.3119332790374756
12,17,710.8076171875,1153.09033203125,2.3119332790374756
12,18,710.8040161132812,1153.078125,2.3119332790374756
12,19,710.8226928710938,1153.0972900390625,2.3119332790374756
12,20,710.7972412109375,1153.0892333984375,2.3119332790374756
12,21,710.8108520507812,1153.0838623046875,2.3119332790374756
12,22,710.80859375,1153.07666015625,2.3119332790374756
12,23,710.79638671875,1153.084716796875,2.3119332790374756
12,24,710.805419921875,1153.0802001953125,2.3119332790374756
12,25,710.8150634765625,1153.0880126953125,2.3119332790374756
12,26,710.8268432617188,1153.080322265625,2.3119332790374756
12,27,710.8267211914062,1153.09326171875,2.3119332790374756
12,28,710.8036499023438,1153.0538330078125,2.3119332790374756
12,29,710.8475341796875,1153.092529296875,2.3119332790374756
13,0,694.1868286132812,1077.701904296875,-1.0616357326507568
13,1,694.523193359375,1079.009765625,-1.0616357326507568
13,2,694.833740234375,1080.2821044921875,-1.0616357326507568
13,3,695.1202392578125,1081.51904296875,-1.0616357326507568
13,4,695.3847045898438,1082.7210693359375,-1.0616357326507568
13,5,695.6289672851562,1083.888427734375,-1.0616357326507568
13,6,695.8548583984375,1085.0213623046875,-1.0616357326507568
13,7,696.0643310546875,1086.1202392578125,-1.0616357326507568
13,8,696.25927734375,1087.1854248046875,-1.0616357326507568
13,9,696.4415283203125,1088.2171630859375,-1.0616357326507568
13,10,696.6129760742188,1089.2156982421875,-1.0616357326507568
13,11,696.7755126953125,1090.1815185546875,-1.0616357326507568
13,12,696.9310302734375,1091.1148681640625,-1.0616357326507568
13,13,697.0814208984375,1092.0159912109375,-1.0616357326507568
13,14,697.228515625,1092.88525390625,-1.0616357326507568
13,15,697.374267578125,1093.722900390625,-1.0616357326507568
13,16,697.5205688476562,1094.529296875,-1.0616357326507568
13,17,697.669189453125,1095.3048095703125,-1.0616357326507568
13,18,697.8221435546875,1096.049560546875,-1.0616357326507568
13,19,697.981201171875,1096.76416015625,-1.0616357326507568
13,20,698.1483154296875,1097.4486083984375,-1.0616357326507568
13,21,698.3253784179688,1098.103515625,-1.0616357326507568
13,22,698.5142211914062,1098.7288818359375,-1.0616357326507568
13,23,698.716796875,1099.3253173828125,-1.0616357326507568
13,24,698.9348754882812,1099.892822265625,-1.0616357326507568
13,25,699.1704711914062,1100.4320068359375,-1.0616357326507568
13,26,699.4254150390625,1100.9429931640625,-1.0616357326507568
13,27,699.7015380859375,1101.4261474609375,-1.0616357326507568
13,28,700.0007934570312,1101.8818359375,-1.0616357326507568
13,29,700.3250122070312,1102.310302734375,-1.0616357326507568
14,0,630.2367553710938,1147.3177490234375,-0.22638043761253357
14,1,632.722900390625,1147.3350830078125,-0.22638043761253357
14,2,635.1207885742188,1147.325927734375,-0.22638043761253357
14,3,637.430419921875,1147.292236328125,-0.22638043761253357
14,4,639.6517333984375,1147.2359619140625,-0.22638043761253357
14,5,641.7846069335938,1147.1593017578125,-0.22638043761253357
14,6,643.8290405273438,1147.06396484375,-0.22638043761253357
14,7,645.7850341796875,1146.9520263671875,-0.22638043761253357
14,8,647.6524658203125,1146.82568359375,-0.22638043761253357
14,9,649.4312744140625,1146.6865234375,-0.22638043761253357
14,10,651.1214599609375,1146.536865234375,-0.22638043761253357
14,11,652.7229614257812,1146.3785400390625,-0.22638043761253357
14,12,654.2357177734375,1146.2135009765625,-0.22638043761253357
14,13,655.65966796875,1146.0438232421875,-0.22638043761253357
14,14,656.9948120117188,1145.871337890625,-0.22638043761253357
14,15,658.240966796875,1145.6982421875,-0.22638043761253357
14,16,659.3982543945312,1145.5263671875,-0.22638043761253357
14,17,660.466552734375,1145.3577880859375,-0.22638043761253357
14,18,661.44580078125,1145.1944580078125,-0.22638043761253357
14,19,662.3359375,1145.038330078125,-0.22638043761253357
14,20,663.1369018554688,1144.891357421875,-0.22638043761253357
14,21,663.8487548828125,1144.7554931640625,-0.22638043761253357
14,22,664.4712524414062,1144.6328125,-0.22638043761253357
14,23,665.0045166015625,1144.525390625,-0.22638043761253357
14,24,665.4484252929688,1144.4349365234375,-0.22638043761253357
14,25,665.802978515625,1144.3636474609375,-0.22638043761253357
14,26,666.0679931640625,1144.3134765625,-0.22638043761253357
14,27,666.2435913085938,1144.286376953125,-0.22638043761253357
14,28,666.32958984375,1144.2843017578125,-0.22638043761253357
14,29,666.3259887695312,1144.3092041015625,-0.22638043761253357
15,0,710.7653198242188,1153.0943603515625,2.3004844188690186
15,1,710.7719116210938,1153.0789794921875,2.3004844188690186
15,2,710.7786254882812,1153.0611572265625,2.3004844188690186
15,3,710.790771484375,1153.0775146484375,2.3004844188690186
15,4,710.761474609375,1153.0667724609375,2.3004844188690186
15,5,710.7748413085938,1153.0850830078125,2.3004844188690186
15,6,710.7772216796875,1153.0640869140625,2.3004844188690186
15,7,710.7745971679688,1153.03759765625,2.3004844188690186
15,8,710.7861938476562,1153.064453125,2.3004844188690186
15,9,710.7716064453125,1153.052490234375,2.3004844188690186
15,10,710.7778930664062,1153.068359375,2.3004844188690186
15,11,710.775634765625,1153.0430908203125,2.3004844188690186
15,12,710.7849731445312,1153.058837890625,2.3004844188690186
15,13,710.7689208984375,1153.0589599609375,2.3004844188690186
15,14,710.781982421875,1153.080322265625,2.3004844188690186
15,15,710.773681640625,1153.0673828125,2.3004844188690186
15,16,710.785888671875,1153.0732421875,2.3004844188690186
15,17,710.77978515625,1153.0758056640625,2.3004844188690186
15,18,710.7890625,1153.071044921875,2.3004844188690186
15,19,710.7972412109375,1153.0921630859375,2.3004844188690186
15,20,710.7738037109375,1153.07763671875,2.3004844188690186
15,21,710.7850952148438,1153.0699462890625,2.3004844188690186
15,22,710.7894287109375,1153.06640625,2.3004844188690186
15,23,710.7894897460938,1153.07763671875,2.3004844188690186
15,24,710.7760620117188,1153.071044921875,2.3004844188690186
15,25,710.7974243164062,1153.0848388671875,2.3004844188690186
15,26,710.8045043945312,1153.0670166015625,2.3004844188690186
15,27,710.7947387695312,1153.086669921875,2.3004844188690186
15,28,710.7971801757812,1153.0726318359375,2.3004844188690186
15,29,710.8018798828125,1153.1036376953125,2.3004844188690186
16,0,710.7777709960938,1153.1142578125,2.2591006755828857
16,1,710.773681640625,1153.1102294921875,2.2591006755828857
16,2,710.7776489257812,1153.081298828125,2.2591006755828857
16,3,710.7854614257812,1153.077880859375,2.2591006755828857
16,4,710.7757568359375,1153.0767822265625,2.2591006755828857
16,5,710.7716064453125,1153.0810546875,2.2591006755828857
16,6,710.7614135742188,1153.08349609375,2.2591006755828857
16,7,710.7939453125,1153.0714111328125,2.2591006755828857
16,8,710.7907104492188,1153.0833740234375,2.2591006755828857
16,9,710.7654418945312,1153.0743408203125,2.2591006755828857
16,10,710.7935180664062,1153.08740234375,2.2591006755828857
16,11,710.7822875976562,1153.064453125,2.2591006755828857
16,12,710.7875366210938,1153.083984375,2.2591006755828857
16,13,710.7807006835938,1153.0794677734375,2.2591006755828857
16,14,710.7869873046875,1153.083984375,2.2591006755828857
16,15,710.7820434570312,1153.0718994140625,2.2591006755828857
16,16,710.7963256835938,1153.070068359375,2.2591006755828857
16,17,710.7880859375,1153.0831298828125,2.2591006755828857
16,18,710.795654296875,1153.078369140625,2.2591006755828857
16,19,710.7987670898438,1153.0831298828125,2.2591006755828857
16,20,710.7889404296875,1153.068359375,2.2591006755828857
16,21,710.7946166992188,1153.0780029296875,2.2591006755828857
16,22,710.7899169921875,1153.07666015625,2.2591006755828857
16,23,710.7946166992188,1153.068115234375,2.2591006755828857
16,24,710.7831420898438,1153.071533203125,2.2591006755828857
16,25,710.8021850585938,1153.093017578125,2.2591006755828857
16,26,710.7996826171875,1153.0831298828125,2.2591006755828857
16,27,710.7951049804688,1153.0789794921875,2.2591006755828857
16,28,710.7974243164062,1153.0887451171875,2.2591006755828857
16,29,710.8004760742188,1153.1077880859375,2.2591006755828857
17,0,710.470703125,1153.0919189453125,2.5346531867980957
17,1,710.4763793945312,1153.130615234375,2.5346531867980957
17,2,710.4840698242188,1153.1453857421875,2.5346531867980957
17,3,710.5970458984375,1153.1656494140625,2.5346531867980957
17,4,710.601318359375,1153.20654296875,2.5346531867980957
17,5,710.5576782226562,1153.1854248046875,2.5346531867980957
17,6,710.5855102539062,1153.1297607421875,2.5346531867980957
17,7,710.5578002929688,1153.13427734375,2.5346531867980957
17,8,710.7069702148438,1153.13525390625,2.5346531867980957
17,9,710.609130859375,1153.0308837890625,2.5346531867980957
17,10,710.654541015625,1153.135009765625,2.5346531867980957
17,11,710.6432495117188,1153.1588134765625,2.5346531867980957
17,12,710.69384765625,1153.078125,2.5346531867980957
17,13,710.6952514648438,1153.093994140625,2.5346531867980957
17,14,710.6493530273438,1153.1131591796875,2.5346531867980957
17,15,710.7191162109375,1153.1343994140625,2.5346531867980957
17,16,710.723876953125,1153.1090087890625,2.5346531867980957
17,17,710.7229614257812,1153.1556396484375,2.5346531867980957
17,18,710.7020874023438,1153.15869140625,2.5346531867980957
17,19,710.7221069335938,1153.1173095703125,2.5346531867980957
17,20,710.6734008789062,1153.117431640625,2.5346531867980957
17,21,710.7101440429688,1153.139404296875,2.5346531867980957
17,22,710.7582397460938,1153.1368408203125,2.5346531867980957
17,23,710.728271484375,1153.1094970703125,2.5346531867980957
17,24,710.7786865234375,1153.16162109375,2.5346531867980957
17,25,710.7593994140625,1153.1136474609375,2.5346531867980957
17,26,710.7803344726562,1153.084716796875,2.5346531867980957
17,27,710.8245239257812,1153.100830078125,2.5346531867980957
17,28,710.8126220703125,1153.105224609375,2.5346531867980957
17,29,710.8243408203125,1153.045166015625,2.5346531867980957
18,0,708.2445068359375,1148.958984375,-0.30503374338150024
18,1,707.1084594726562,1145.9376220703125,-0.30503374338150024
18,2,705.9996337890625,1142.9945068359375,-0.30503374338150024
18,3,704.9185180664062,1140.1309814453125,-0.30503374338150024
18,4,703.8657836914062,1137.3486328125,-0.30503374338150024
18,5,702.8419799804688,1134.6485595703125,-0.30503374338150024
18,6,701.8475952148438,1132.0322265625,-0.30503374338150024
18,7,700.8833618164062,1129.5009765625,-0.30503374338150024
18,8,699.9497680664062,1127.056396484375,-0.30503374338150024
18,9,699.0474243164062,1124.6995849609375,-0.30503374338150024
18,10,698.1768798828125,1122.43212890625,-0.30503374338150024
18,11,697.3387451171875,1120.2552490234375,-0.30503374338150024
18,12,696.5336303710938,1118.1702880859375,-0.30503374338150024
18,13,695.7620239257812,1116.1788330078125,-0.30503374338150024
18,14,695.0245971679688,1114.2822265625,-0.30503374338150024
18,15,694.3218994140625,1112.4815673828125,-0.30503374338150024
18,16,693.6544799804688,1110.778564453125,-0.30503374338150024
18,17,693.0230102539062,1109.1744384765625,-0.30503374338150024
18,18,692.427978515625,1107.670654296875,-0.30503374338150024
18,19,691.8699951171875,1106.2684326171875,-0.30503374338150024
18,20,691.3496704101562,1104.96923828125,-0.30503374338150024
18,21,690.8675537109375,1103.7744140625,-0.30503374338150024
18,22,690.4241943359375,1102.6854248046875,-0.30503374338150024
18,23,690.020263671875,1101.70361328125,-0.30503374338150024
18,24,689.65625,1100.830322265625,-0.30503374338150024
18,25,689.3328247070312,1100.06689453125,-0.30503374338150024
18,26,689.0504760742188,1099.414794921875,-0.30503374338150024
18,27,688.8098754882812,1098.8753662109375,-0.30503374338150024
18,28,688.6115112304688,1098.449951171875,-0.30503374338150024
18,29,688.4559936523438,1098.139892578125,-0.30503374338150024
19,0,710.7537841796875,1153.1102294921875,2.296546697616577
19,1,710.7559814453125,1153.097412109375,2.296546697616577
19,2,710.7675170898438,1153.07177734375,2.296546697616577
19,3,710.781982421875,1153.0865478515625,2.296546697616577
19,4,710.7537231445312,1153.0821533203125,2.296546697616577
19,5,710.7708740234375,1153.1005859375,2.296546697616577
19,6,710.7728881835938,1153.0816650390625,2.296546697616577
19,7,710.7665405273438,1153.0526123046875,2.296546697616577
19,8,710.785400390625,1153.0723876953125,2.296546697616577
19,9,710.763916015625,1153.0556640625,2.296546697616577
19,10,710.7771606445312,1153.0775146484375,2.296546697616577
19,11,710.7744750976562,1153.0550537109375,2.296546697616577
19,12,710.7826538085938,1153.0643310546875,2.296546697616577
19,13,710.7706909179688,1153.071533203125,2.296546697616577
19,14,710.7766723632812,1153.084228515625,2.296546697616577
19,15,710.770751953125,1153.073486328125,2.296546697616577
19,16,710.7867431640625,1153.0802001953125,2.296546697616577
19,17,710.7794799804688,1153.080322265625,2.296546697616577
19,18,710.7888793945312,1153.0723876953125,2.296546697616577
19,19,710.796142578125,1153.0924072265625,2.296546697616577
19,20,710.7779541015625,1153.0811767578125,2.296546697616577
19,21,710.7853393554688,1153.0772705078125,2.296546697616577
19,22,710.78955078125,1153.065673828125,2.296546697616577
19,23,710.7909545898438,1153.0782470703125,2.296546697616577
19,24,710.7763671875,1153.0743408203125,2.296546697616577
19,25,710.8017578125,1153.0885009765625,2.296546697616577
19,26,710.8069458007812,1153.0697021484375,2.296546697616577
19,27,710.7951049804688,1153.08447265625,2.296546697616577
19,28,710.7986450195312,1153.07080078125,2.296546697616577
19,29,710.8013305664062,1153.09814453125,2.296546697616577
20,0,710.7483520507812,1153.1046142578125,2.2736976146698
20,1,710.7434692382812,1153.0936279296875,2.2736976146698
20,2,710.7584838867188,1153.0684814453125,2.2736976146698
20,3,710.7667236328125,1153.073974609375,2.2736976146698
20,4,710.75048828125,1153.071533203125,2.2736976146698
20,5,710.7606811523438,1153.0858154296875,2.2736976146698
20,6,710.7577514648438,1153.0706787109375,2.2736976146698
20,7,710.7633666992188,1153.0450439453125,2.2736976146698
20,8,710.7781372070312,1153.0670166015625,2.2736976146698
20,9,710.75146484375,1153.044677734375,2.2736976146698
20,10,710.7723388671875,1153.0699462890625,2.2736976146698
20,11,710.7692260742188,1153.044677734375,2.2736976146698
20,12,710.7772827148438,1153.05712890625,2.2736976146698
20,13,710.762451171875,1153.06005859375,2.2736976146698
20,14,710.7697143554688,1153.0743408203125,2.2736976146698
20,15,710.7686767578125,1153.0682373046875,2.2736976146698
20,16,710.781005859375,1153.066650390625,2.2736976146698
20,17,710.7764282226562,1153.0684814453125,2.2736976146698
20,18,710.7863159179688,1153.06494140625,2.2736976146698
20,19,710.789794921875,1153.0772705078125,2.2736976146698
20,20,710.773193359375,1153.0732421875,2.2736976146698
20,21,710.7845458984375,1153.0736083984375,2.2736976146698
20,22,710.786376953125,1153.064453125,2.2736976146698
20,23,710.7857055664062,1153.0697021484375,2.2736976146698
20,24,710.7742919921875,1153.0679931640625,2.2736976146698
20,25,710.79345703125,1153.088134765625,2.2736976146698
20,26,710.8036499023438,1153.0672607421875,2.2736976146698
20,27,710.7962036132812,1153.07763671875,2.2736976146698
20,28,710.7999267578125,1153.072021484375,2.2736976146698
20,29,710.8014526367188,1153.1031494140625,2.2736976146698
21,0,702.9618530273438,1130.519287109375,-0.5774139165878296
21,1,702.5017700195312,1129.0028076171875,-0.5774139165878296
21,2,702.0577392578125,1127.5550537109375,-0.5774139165878296
21,3,701.6296997070312,1126.174560546875,-0.5774139165878296
21,4,701.2177124023438,1124.8609619140625,-0.5774139165878296
21,5,700.8222045898438,1123.6141357421875,-0.5774139165878296
21,6,700.4437866210938,1122.433837890625,-0.5774139165878296
21,7,700.0826416015625,1121.3206787109375,-0.5774139165878296
21,8,699.7391967773438,1120.2733154296875,-0.5774139165878296
21,9,699.4136962890625,1119.2921142578125,-0.5774139165878296
21,10,699.1066284179688,1118.37744140625,-0.5774139165878296
21,11,698.8181762695312,1117.5274658203125,-0.5774139165878296
21,12,698.548828125,1116.74365234375,-0.5774139165878296
21,13,698.298828125,1116.02490234375,-0.5774139165878296
21,14,698.0687255859375,1115.37158203125,-0.5774139165878296
21,15,697.85888671875,1114.783447265625,-0.5774139165878296
21,16,697.6695556640625,1114.2598876953125,-0.5774139165878296
21,17,697.5008544921875,1113.801025390625,-0.5774139165878296
21,18,697.353759765625,1113.4068603515625,-0.5774139165878296
21,19,697.2280883789062,1113.076904296875,-0.5774139165878296
21,20,697.1243896484375,1112.8111572265625,-0.5774139165878296
21,21,697.0429077148438,1112.60888671875,-0.5774139165878296
21,22,696.984375,1112.4708251953125,-0.5774139165878296
21,23,696.9487915039062,1112.3958740234375,-0.5774139165878296
21,24,696.9365844726562,1112.3848876953125,-0.5774139165878296
21,25,696.9479370117188,1112.4364013671875,-0.5774139165878296
21,26,696.9835815429688,1112.55126953125,-0.5774139165878296
21,27,697.043701171875,1112.7293701171875,-0.5774139165878296
21,28,697.1287231445312,1112.9697265625,-0.5774139165878296
21,29,697.2383422851562,1113.272216796875,-0.5774139165878296
22,0,696.013427734375,1088.3272705078125,-1.1334866285324097
22,1,696.224365234375,1089.1307373046875,-1.1334866285324097
22,2,696.416015625,1089.917724609375,-1.1334866285324097
22,3,696.590087890625,1090.6884765625,-1.1334866285324097
22,4,696.7481689453125,1091.443359375,-1.1334866285324097
22,5,696.8919677734375,1092.1822509765625,-1.1334866285324097
22,6,697.0231323242188,1092.9056396484375,-1.1334866285324097
22,7,697.1434326171875,1093.613525390625,-1.1334866285324097
22,8,697.2544555664062,1094.3062744140625,-1.1334866285324097
22,9,697.35791015625,1094.98388671875,-1.1334866285324097
22,10,697.4554443359375,1095.6466064453125,-1.1334866285324097
22,11,697.5487060546875,1096.2945556640625,-1.1334866285324097
22,12,697.6394653320312,1096.9281005859375,-1.1334866285324097
22,13,697.7293701171875,1097.54736328125,-1.1334866285324097
22,14,697.8200073242188,1098.1524658203125,-1.1334866285324097
22,15,697.9131469726562,1098.7437744140625,-1.1334866285324097
22,16,698.0103759765625,1099.3211669921875,-1.1334866285324097
22,17,698.1134643554688,1099.885009765625,-1.1334866285324097
22,18,698.2240600585938,1100.435546875,-1.1334866285324097
22,19,698.34375,1100.972900390625,-1.1334866285324097
22,20,698.474365234375,1101.497314453125,-1.1334866285324097
22,21,698.617431640625,1102.0089111328125,-1.1334866285324097
22,22,698.7747192382812,1102.5078125,-1.1334866285324097
22,23,698.9478149414062,1102.994384765625,-1.1334866285324097
22,24,699.1384887695312,1103.46875,-1.1334866285324097
22,25,699.348388671875,1103.930908203125,-1.1334866285324097
22,26,699.5791015625,1104.38134765625,-1.1334866285324097
22,27,699.8324584960938,1104.820068359375,-1.1334866285324097
22,28,700.1099853515625,1105.247314453125,-1.1334866285324097
22,29,700.4134521484375,1105.663330078125,-1.1334866285324097
23,0,712.7221069335938,1163.583984375,1.1148455142974854
23,1,712.8007202148438,1163.6910400390625,1.1148455142974854
23,2,712.7235717773438,1163.054443359375,1.1148455142974854
23,3,712.6123046875,1162.660400390625,1.1148455142974854
23,4,712.485595703125,1162.1937255859375,1.1148455142974854
23,5,712.4144287109375,1161.6795654296875,1.1148455142974854
23,6,712.321044921875,1161.233642578125,1.1148455142974854
23,7,712.0675048828125,1160.6324462890625,1.1148455142974854
23,8,711.9522705078125,1160.128662109375,1.1148455142974854
23,9,711.8031005859375,1159.5093994140625,1.1148455142974854
23,10,711.6217041015625,1158.7862548828125,1.1148455142974854
23,11,711.4986572265625,1158.4954833984375,1.1148455142974854
23,12,711.3568115234375,1157.947021484375,1.1148455142974854
23,13,711.222900390625,1157.3858642578125,1.1148455142974854
23,14,711.0316162109375,1156.9383544921875,1.1148455142974854
23,15,710.8428955078125,1156.3426513671875,1.1148455142974854
23,16,710.6812744140625,1155.857177734375,1.1148455142974854
23,17,710.5260009765625,1155.4417724609375,1.1148455142974854
23,18,710.4537353515625,1154.9501953125,1.1148455142974854
23,19,710.2596435546875,1154.455810546875,1.1148455142974854
23,20,710.0630493164062,1153.9111328125,1.1148455142974854
23,21,710.0043334960938,1153.6224365234375,1.1148455142974854
23,22,709.8680419921875,1153.1611328125,1.1148455142974854
23,23,709.8016967773438,1152.8828125,1.1148455142974854
23,24,709.7083740234375,1152.3482666015625,1.1148455142974854
23,25,709.6941528320312,1152.1358642578125,1.1148455142974854
23,26,709.5226440429688,1151.69873046875,1.1148455142974854
23,27,709.5071411132812,1151.491455078125,1.1148455142974854
23,28,709.472412109375,1151.1771240234375,1.1148455142974854
23,29,709.460693359375,1150.842529296875,1.1148455142974854
24,0,696.1807861328125,1111.4351806640625,-0.7707743644714355
24,1,696.03369140625,1110.808837890625,-0.7707743644714355
24,2,695.8853149414062,1110.2127685546875,-0.7707743644714355
24,3,695.7365112304688,1109.6470947265625,-0.7707743644714355
24,4,695.5881958007812,1109.112060546875,-0.7707743644714355
24,5,695.4412231445312,1108.60791015625,-0.7707743644714355
24,6,695.2965087890625,1108.135009765625,-0.7707743644714355
24,7,695.1549072265625,1107.693603515625,-0.7707743644714355
24,8,695.0173950195312,1107.283935546875,-0.7707743644714355
24,9,694.884765625,1106.9063720703125,-0.7707743644714355
24,10,694.7579956054688,1106.5611572265625,-0.7707743644714355
24,11,694.637939453125,1106.2484130859375,-0.7707743644714355
24,12,694.5254516601562,1105.96875,-0.7707743644714355
24,13,694.4214477539062,1105.7220458984375,-0.7707743644714355
24,14,694.3268432617188,1105.5089111328125,-0.7707743644714355
24,15,694.2425537109375,1105.3294677734375,-0.7707743644714355
24,16,694.16943359375,1105.1839599609375,-0.7707743644714355
24,17,694.1083374023438,1105.0728759765625,-0.7707743644714355
24,18,694.0602416992188,1104.9962158203125,-0.7707743644714355
24,19,694.0259399414062,1104.9544677734375,-0.7707743644714355
24,20,694.0064086914062,1104.94775390625,-0.7707743644714355
24,21,694.0025024414062,1104.9764404296875,-0.7707743644714355
24,22,694.01513671875,1105.0408935546875,-0.7707743644714355
24,23,694.045166015625,1105.1412353515625,-0.7707743644714355
24,24,694.0935668945312,1105.27783203125,-0.7707743644714355
24,25,694.1611328125,1105.4508056640625,-0.7707743644714355
24,26,694.248779296875,1105.66064453125,-0.7707743644714355
24,27,694.357421875,1105.9075927734375,-0.7707743644714355
24,28,694.4879150390625,1106.19189453125,-0.7707743644714355
24,29,694.6411743164062,1106.513671875,-0.7707743644714355
25,0,700.211181640625,1084.48681640625,-1.1671520471572876
25,1,700.421142578125,1085.5948486328125,-1.1671520471572876
25,2,700.6106567382812,1086.677001953125,-1.1671520471572876
25,3,700.781494140625,1087.7333984375,-1.1671520471572876
25,4,700.935302734375,1088.7640380859375,-1.1671520471572876
25,5,701.073974609375,1089.7691650390625,-1.1671520471572876
25,6,701.1992797851562,1090.748779296875,-1.1671520471572876
25,7,701.3129272460938,1091.702880859375,-1.1671520471572876
25,8,701.4166870117188,1092.6317138671875,-1.1671520471572876
25,9,701.5123901367188,1093.5352783203125,-1.1671520471572876
25,10,701.601806640625,1094.4136962890625,-1.1671520471572876
25,11,701.6867065429688,1095.2669677734375,-1.1671520471572876
25,12,701.768798828125,1096.09521484375,-1.1671520471572876
25,13,701.8499145507812,1096.8985595703125,-1.1671520471572876
25,14,701.9318237304688,1097.6771240234375,-1.1671520471572876
25,15,702.016357421875,1098.4307861328125,-1.1671520471572876
25,16,702.1051635742188,1099.159912109375,-1.1671520471572876
25,17,702.2000732421875,1099.8643798828125,-1.1671520471572876
25,18,702.3028564453125,1100.54443359375,-1.1671520471572876
25,19,702.4153442382812,1101.2000732421875,-1.1671520471572876
25,20,702.5392456054688,1101.831298828125,-1.1671520471572876
25,21,702.6763305664062,1102.4383544921875,-1.1671520471572876
25,22,702.8284301757812,1103.0211181640625,-1.1671520471572876
25,23,702.9972534179688,1103.5799560546875,-1.1671520471572876
25,24,703.1845703125,1104.11474609375,-1.1671520471572876
25,25,703.3922119140625,1104.6256103515625,-1.1671520471572876
25,26,703.6219482421875,1105.1126708984375,-1.1671520471572876
25,27,703.87548828125,1105.575927734375,-1.1671520471572876
25,28,704.1546630859375,1106.015625,-1.1671520471572876
25,29,704.461181640625,1106.431640625,-1.1671520471572876
26,0,706.07177734375,1161.016845703125,1.1462132930755615
26,1,705.64599609375,1159.1383056640625,1.1462132930755615
26,2,705.2225341796875,1157.2982177734375,1.1462132930755615
26,3,704.7998046875,1155.50146484375,1.1462132930755615
26,4,704.3794555664062,1153.7471923828125,1.1462132930755615
26,5,703.9641723632812,1152.034912109375,1.1462132930755615
26,6,703.5540771484375,1150.3695068359375,1.1462132930755615
26,7,703.1484985351562,1148.7520751953125,1.1462132930755615
26,8,702.7515869140625,1147.1807861328125,1.1462132930755615
26,9,702.3639526367188,1145.6595458984375,1.1462132930755615
26,10,701.9855346679688,1144.1890869140625,1.1462132930755615
26,11,701.6185913085938,1142.7713623046875,1.1462132930755615
26,12,701.2630615234375,1141.406982421875,1.1462132930755615
26,13,700.9208374023438,1140.0960693359375,1.1462132930755615
26,14,700.593994140625,1138.843505859375,1.1462132930755615
26,15,700.2822875976562,1137.64697265625,1.1462132930755615
26,16,699.98779296875,1136.5096435546875,1.1462132930755615
26,17,699.7108764648438,1135.433349609375,1.1462132930755615
26,18,699.454833984375,1134.41845703125,1.1462132930755615
26,19,699.2173461914062,1133.4664306640625,1.1462132930755615
26,20,699.0009155273438,1132.577392578125,1.1462132930755615
26,21,698.8095092773438,1131.7559814453125,1.1462132930755615
26,22,698.6416625976562,1131.0008544921875,1.1462132930755615
26,23,698.4987182617188,1130.3140869140625,1.1462132930755615
26,24,698.382080078125,1129.696533203125,1.1462132930755615
26,25,698.2929077148438,1129.150390625,1.1462132930755615
26,26,698.231201171875,1128.6754150390625,1.1462132930755615
26,27,698.2005615234375,1128.27685546875,1.1462132930755615
26,28,698.201416015625,1127.9517822265625,1.1462132930755615
26,29,698.2315063476562,1127.699951171875,1.1462132930755615
27,0,696.7365112304688,1104.6416015625,-0.9140264391899109
27,1,696.683349609375,1104.43115234375,-0.9140264391899109
27,2,696.6242065429688,1104.238037109375,-0.9140264391899109
27,3,696.5601806640625,1104.062255859375,-0.9140264391899109
27,4,696.4923095703125,1103.904296875,-0.9140264391899109
27,5,696.4217529296875,1103.76416015625,-0.9140264391899109
27,6,696.3497314453125,1103.6419677734375,-0.9140264391899109
27,7,696.2772216796875,1103.5382080078125,-0.9140264391899109
27,8,696.2055053710938,1103.452880859375,-0.9140264391899109
27,9,696.1355590820312,1103.3861083984375,-0.9140264391899109
27,10,696.0685424804688,1103.33837890625,-0.9140264391899109
27,11,696.0056762695312,1103.3094482421875,-0.9140264391899109
27,12,695.9479370117188,1103.2999267578125,-0.9140264391899109
27,13,695.8966064453125,1103.309814453125,-0.9140264391899109
27,14,695.8526611328125,1103.33935546875,-0.9140264391899109
27,15,695.8173217773438,1103.3887939453125,-0.9140264391899109
27,16,695.7916870117188,1103.458251953125,-0.9140264391899109
27,17,695.77685546875,1103.5479736328125,-0.9140264391899109
27,18,695.7739868164062,1103.6580810546875,-0.9140264391899109
27,19,695.7841796875,1103.7889404296875,-0.9140264391899109
27,20,695.8085327148438,1103.9405517578125,-0.9140264391899109
27,21,695.8482666015625,1104.1131591796875,-0.9140264391899109
27,22,695.9044189453125,1104.3070068359375,-0.9140264391899109
27,23,695.9780883789062,1104.5223388671875,-0.9140264391899109
27,24,696.0704956054688,1104.75927734375,-0.9140264391899109
27,25,696.1826782226562,1105.01806640625,-0.9140264391899109
27,26,696.3157958984375,1105.298828125,-0.9140264391899109
27,27,696.4710083007812,1105.6019287109375,-0.9140264391899109
27,28,696.6494140625,1105.9273681640625,-0.9140264391899109
27,29,696.85205078125,1106.275390625,-0.9140264391899109
28,0,702.0335083007812,1119.2171630859375,-0.8091673851013184
28,1,701.8418579101562,1118.5208740234375,-0.8091673851013184
28,2,701.6546020507812,1117.86865234375,-0.8091673851013184
28,3,701.4721069335938,1117.2593994140625,-0.8091673851013184
28,4,701.294921875,1116.6925048828125,-0.8091673851013184
28,5,701.1237182617188,1116.16796875,-0.8091673851013184
28,6,700.9593505859375,1115.6851806640625,-0.8091673851013184
28,7,700.8024291992188,1115.244384765625,-0.8091673851013184
28,8,700.6536254882812,1114.8443603515625,-0.8091673851013184
28,9,700.5136108398438,1114.4852294921875,-0.8091673851013184
28,10,700.3831176757812,1114.1668701171875,-0.8091673851013184
28,11,700.2626953125,1113.8880615234375,-0.8091673851013184
28,12,700.1531372070312,1113.6494140625,-0.8091673851013184
28,13,700.0551147460938,1113.449951171875,-0.8091673851013184
28,14,699.9692993164062,1113.2896728515625,-0.8091673851013184
28,15,699.896484375,1113.168212890625,-0.8091673851013184
28,16,699.837158203125,1113.0849609375,-0.8091673851013184
28,17,699.7920532226562,1113.0396728515625,-0.8091673851013184
28,18,699.7620849609375,1113.0322265625,-0.8091673851013184
28,19,699.7476196289062,1113.06201171875,-0.8091673851013184
28,20,699.74951171875,1113.1287841796875,-0.8091673851013184
28,21,699.768310546875,1113.23193359375,-0.8091673851013184
28,22,699.804931640625,1113.3714599609375,-0.8091673851013184
28,23,699.85986328125,1113.546875,-0.8091673851013184
28,24,699.9338989257812,1113.7579345703125,-0.8091673851013184
28,25,700.0275268554688,1114.00390625,-0.8091673851013184
28,26,700.1416625976562,1114.284912109375,-0.8091673851013184
28,27,700.2769165039062,1114.6005859375,-0.8091673851013184
28,28,700.4339599609375,1114.9501953125,-0.8091673851013184
28,29,700.6132202148438,1115.3333740234375,-0.8091673851013184
29,0,710.7742919921875,1153.104736328125,2.310720682144165
29,1,710.7813720703125,1153.0841064453125,2.310720682144165
29,2,710.7896728515625,1153.074951171875,2.310720682144165
29,3,710.7966918945312,1153.0838623046875,2.310720682144165
29,4,710.7911987304688,1153.0914306640625,2.310720682144165
29,5,710.7842407226562,1153.0841064453125,2.310720682144165
29,6,710.7894287109375,1153.078125,2.310720682144165
29,7,710.794677734375,1153.06982421875,2.310720682144165
29,8,710.8112182617188,1153.08056640625,2.310720682144165
29,9,710.7861328125,1153.06640625,2.310720682144165
29,10,710.797607421875,1153.08203125,2.310720682144165
29,11,710.7999267578125,1153.065185546875,2.310720682144165
29,12,710.8019409179688,1153.0732421875,2.310720682144165
29,13,710.77880859375,1153.0865478515625,2.310720682144165
29,14,710.797607421875,1153.079833984375,2.310720682144165
29,15,710.78759765625,1153.087158203125,2.310720682144165
29,16,710.7930908203125,1153.0826416015625,2.310720682144165
29,17,710.7907104492188,1153.091796875,2.310720682144165
29,18,710.7903442382812,1153.085693359375,2.310720682144165
29,19,710.8041381835938,1153.0994873046875,2.310720682144165
29,20,710.7886352539062,1153.0736083984375,2.310720682144165
29,21,710.7940673828125,1153.085205078125,2.310720682144165
29,22,710.8046264648438,1153.087890625,2.310720682144165
29,23,710.7862548828125,1153.08203125,2.310720682144165
29,24,710.7894287109375,1153.0980224609375,2.310720682144165
29,25,710.7981567382812,1153.1026611328125,2.310720682144165
29,26,710.8076171875,1153.10009765625,2.310720682144165
29,27,710.795654296875,1153.0994873046875,2.310720682144165
29,28,710.8004150390625,1153.0950927734375,2.310720682144165
29,29,710.7752075195312,1153.118408203125,2.310720682144165
30,0,688.9627075195312,1148.763671875,-0.9822295904159546
30,1,688.9512329101562,1147.9237060546875,-0.9822295904159546
30,2,688.9716186523438,1147.1844482421875,-0.9822295904159546
30,3,689.0215454101562,1146.482177734375,-0.9822295904159546
30,4,689.0693359375,1145.822265625,-0.9822295904159546
30,5,689.1356811523438,1145.1829833984375,-0.9822295904159546
30,6,689.224853515625,1144.5885009765625,-0.9822295904159546
30,7,689.3092651367188,1144.064208984375,-0.9822295904159546
30,8,689.4166870117188,1143.5565185546875,-0.9822295904159546
30,9,689.5203247070312,1143.090087890625,-0.9822295904159546
30,10,689.6392211914062,1142.6846923828125,-0.9822295904159546
30,11,689.7654418945312,1142.26953125,-0.9822295904159546
30,12,689.88134765625,1141.9241943359375,-0.9822295904159546
30,13,690.001220703125,1141.6016845703125,-0.9822295904159546
30,14,690.1268310546875,1141.330078125,-0.9822295904159546
30,15,690.250732421875,1141.0985107421875,-0.9822295904159546
30,16,690.3804931640625,1140.902099609375,-0.9822295904159546
30,17,690.4893798828125,1140.736572265625,-0.9822295904159546
30,18,690.6072387695312,1140.630126953125,-0.9822295904159546
30,19,690.7111206054688,1140.553466796875,-0.9822295904159546
30,20,690.8017578125,1140.5125732421875,-0.9822295904159546
30,21,690.8943481445312,1140.499267578125,-0.9822295904159546
30,22,690.9813232421875,1140.54296875,-0.9822295904159546
30,23,691.047607421875,1140.6002197265625,-0.9822295904159546
30,24,691.1055297851562,1140.7242431640625,-0.9822295904159546
30,25,691.133056640625,1140.85791015625,-0.9822295904159546
30,26,691.1532592773438,1141.043212890625,-0.9822295904159546
30,27,691.154541015625,1141.2760009765625,-0.9822295904159546
30,28,691.1376342773438,1141.5345458984375,-0.9822295904159546
30,29,691.0653076171875,1141.820068359375,-0.9822295904159546
31,0,711.019775390625,1153.000732421875,2.249641180038452
31,1,711.0011596679688,1153.031982421875,2.249641180038452
31,2,710.991943359375,1153.0482177734375,2.249641180038452
31,3,710.9718017578125,1153.064697265625,2.249641180038452
31,4,710.9486694335938,1153.0877685546875,2.249641180038452
31,5,710.9417724609375,1153.04638671875,2.249641180038452
31,6,710.93212890625,1153.1356201171875,2.249641180038452
31,7,710.8930053710938,1153.0537109375,2.249641180038452
31,8,710.9744262695312,1153.072509765625,2.249641180038452
31,9,710.9400024414062,1153.0772705078125,2.249641180038452
31,10,710.895751953125,1153.0762939453125,2.249641180038452
31,11,710.9400024414062,1153.1209716796875,2.249641180038452
31,12,710.9204711914062,1153.0758056640625,2.249641180038452
31,13,710.9111938476562,1153.129638671875,2.249641180038452
31,14,710.8899536132812,1153.0791015625,2.249641180038452
31,15,710.8380126953125,1153.0916748046875,2.249641180038452
31,16,710.9173583984375,1153.1068115234375,2.249641180038452
31,17,710.8239135742188,1153.16162109375,2.249641180038452
31,18,710.8623657226562,1153.13916015625,2.249641180038452
31,19,710.8372192382812,1153.1065673828125,2.249641180038452
31,20,710.8302612304688,1153.1112060546875,2.249641180038452
31,21,710.8225708007812,1153.082275390625,2.249641180038452
31,22,710.8284301757812,1153.106689453125,2.249641180038452
31,23,710.8182983398438,1153.1138916015625,2.249641180038452
31,24,710.855224609375,1153.131591796875,2.249641180038452
31,25,710.8070678710938,1153.0712890625,2.249641180038452
31,26,710.8298950195312,1153.1090087890625,2.249641180038452
31,27,710.8341674804688,1153.142578125,2.249641180038452
31,28,710.7940673828125,1153.1158447265625,2.249641180038452
31,29,710.7634887695312,1153.1082763671875,2.249641180038452
32,0,705.7403564453125,1132.2913818359375,-0.4944973289966583
32,1,705.1942138671875,1130.5887451171875,-0.4944973289966583
32,2,704.6666870117188,1128.9615478515625,-0.4944973289966583
32,3,704.157958984375,1127.4078369140625,-0.4944973289966583
32,4,703.6679077148438,1125.9276123046875,-0.4944973289966583
32,5,703.1972045898438,1124.5203857421875,-0.4944973289966583
32,6,702.7463989257812,1123.185791015625,-0.4944973289966583
32,7,702.3157958984375,1121.924560546875,-0.4944973289966583
32,8,701.9058227539062,1120.735107421875,-0.4944973289966583
32,9,701.516845703125,1119.6175537109375,-0.4944973289966583
32,10,701.1494140625,1118.572509765625,-0.4944973289966583
32,11,700.8037109375,1117.59765625,-0.4944973289966583
32,12,700.4802856445312,1116.694580078125,-0.4944973289966583
32,13,700.1795043945312,1115.8623046875,-0.4944973289966583
32,14,699.9019165039062,1115.1007080078125,-0.4944973289966583
32,15,699.64794921875,1114.4095458984375,-0.4944973289966583
32,16,699.4179077148438,1113.788330078125,-0.4944973289966583
32,17,699.2120361328125,1113.2366943359375,-0.4944973289966583
32,18,699.0313110351562,1112.7548828125,-0.4944973289966583
32,19,698.8756103515625,1112.34228515625,-0.4944973289966583
32,20,698.7454833984375,1111.9986572265625,-0.4944973289966583
32,21,698.6412963867188,1111.72314453125,-0.4944973289966583
32,22,698.5639038085938,1111.5166015625,-0.4944973289966583
32,23,698.51318359375,1111.377685546875,-0.4944973289966583
32,24,698.4898071289062,1111.3070068359375,-0.4944973289966583
32,25,698.4939575195312,1111.3033447265625,-0.4944973289966583
32,26,698.5263671875,1111.3673095703125,-0.4944973289966583
32,27,698.5873413085938,1111.4984130859375,-0.4944973289966583
32,28,698.6773071289062,1111.6959228515625,-0.4944973289966583
32,29,698.7960815429688,1111.95947265625,-0.4944973289966583
33,0,650.9578247070312,1150.472900390625,-0.8280487656593323
33,1,652.4141845703125,1150.178466796875,-0.8280487656593323
33,2,653.8275146484375,1149.880126953125,-0.8280487656593323
33,3,655.19677734375,1149.5791015625,-0.8280487656593323
33,4,656.5208740234375,1149.277099609375,-0.8280487656593323
33,5,657.798828125,1148.975341796875,-0.8280487656593323
33,6,659.0294189453125,1148.675537109375,-0.8280487656593323
33,7,660.2115478515625,1148.379150390625,-0.8280487656593323
33,8,661.34423828125,1148.0875244140625,-0.8280487656593323
33,9,662.42626953125,1147.80224609375,-0.8280487656593323
33,10,663.4566650390625,1147.52490234375,-0.8280487656593323
33,11,664.4342651367188,1147.2567138671875,-0.8280487656593323
33,12,665.3579711914062,1146.9993896484375,-0.8280487656593323
33,13,666.2266845703125,1146.75439453125,-0.8280487656593323
33,14,667.0394287109375,1146.523193359375,-0.8280487656593323
33,15,667.7949829101562,1146.3072509765625,-0.8280487656593323
33,16,668.4923706054688,1146.108154296875,-0.8280487656593323
33,17,669.13037109375,1145.9271240234375,-0.8280487656593323
33,18,669.7079467773438,1145.76611328125,-0.8280487656593323
33,19,670.2240600585938,1145.626220703125,-0.8280487656593323
33,20,670.6775512695312,1145.509033203125,-0.8280487656593323
33,21,671.0674438476562,1145.416015625,-0.8280487656593323
33,22,671.3925170898438,1145.348876953125,-0.8280487656593323
33,23,671.6516723632812,1145.308837890625,-0.8280487656593323
33,24,671.8439331054688,1145.2974853515625,-0.8280487656593323
33,25,671.9681396484375,1145.31640625,-0.8280487656593323
33,26,672.023193359375,1145.366943359375,-0.8280487656593323
33,27,672.008056640625,1145.45068359375,-0.8280487656593323
33,28,671.9215698242188,1145.5689697265625,-0.8280487656593323
33,29,671.7625732421875,1145.7235107421875,-0.8280487656593323
34,0,628.3597412109375,1144.19921875,-0.1401429921388626
34,1,630.9849853515625,1144.3994140625,-0.1401429921388626
34,2,633.5165405273438,1144.566650390625,-0.1401429921388626
34,3,635.9544677734375,1144.7027587890625,-0.1401429921388626
34,4,638.2989501953125,1144.8099365234375,-0.1401429921388626
34,5,640.550048828125,1144.889892578125,-0.1401429921388626
34,6,642.7078247070312,1144.94482421875,-0.1401429921388626
34,7,644.7724609375,1144.9764404296875,-0.1401429921388626
34,8,646.7440185546875,1144.9869384765625,-0.1401429921388626
34,9,648.6226196289062,1144.97802734375,-0.1401429921388626
34,10,650.4083862304688,1144.9517822265625,-0.1401429921388626
34,11,652.1014404296875,1144.91015625,-0.1401429921388626
34,12,653.7017822265625,1144.855224609375,-0.1401429921388626
34,13,655.2096557617188,1144.7886962890625,-0.1401429921388626
34,14,656.6251220703125,1144.712646484375,-0.1401429921388626
34,15,657.9481811523438,1144.629150390625,-0.1401429921388626
34,16,659.1791381835938,1144.5399169921875,-0.1401429921388626
34,17,660.3179321289062,1144.447021484375,-0.1401429921388626
34,18,661.3646850585938,1144.3525390625,-0.1401429921388626
34,19,662.3196411132812,1144.2581787109375,-0.1401429921388626
34,20,663.1827392578125,1144.1661376953125,-0.1401429921388626
34,21,663.9542236328125,1144.078125,-0.1401429921388626
34,22,664.6340942382812,1143.996337890625,-0.1401429921388626
34,23,665.2224731445312,1143.922607421875,-0.1401429921388626
34,24,665.7195434570312,1143.85888671875,-0.1401429921388626
34,25,666.1253051757812,1143.80712890625,-0.1401429921388626
34,26,666.43994140625,1143.769287109375,-0.1401429921388626
34,27,666.66357421875,1143.747314453125,-0.1401429921388626
34,28,666.7962646484375,1143.7431640625,-0.1401429921388626
34,29,666.838134765625,1143.7587890625,-0.1401429921388626
35,0,710.8424072265625,1153.0394287109375,2.2831034660339355
35,1,710.84423828125,1153.0775146484375,2.2831034660339355
35,2,710.8381958007812,1153.07861328125,2.2831034660339355
35,3,710.84326171875,1153.0767822265625,2.2831034660339355
35,4,710.82373046875,1153.11328125,2.2831034660339355
35,5,710.83203125,1153.1112060546875,2.2831034660339355
35,6,710.8309326171875,1153.140625,2.2831034660339355
35,7,710.7901000976562,1153.082763671875,2.2831034660339355
35,8,710.8714599609375,1153.09765625,2.2831034660339355
35,9,710.8359985351562,1153.080322265625,2.2831034660339355
35,10,710.7976684570312,1153.1131591796875,2.2831034660339355
35,11,710.82373046875,1153.147216796875,2.2831034660339355
35,12,710.8244018554688,1153.0859375,2.2831034660339355
35,13,710.8455810546875,1153.1318359375,2.2831034660339355
35,14,710.8256225585938,1153.104248046875,2.2831034660339355
35,15,710.7914428710938,1153.099609375,2.2831034660339355
35,16,710.8362426757812,1153.1265869140625,2.2831034660339355
35,17,710.8003540039062,1153.158447265625,2.2831034660339355
35,18,710.8128662109375,1153.13671875,2.2831034660339355
35,19,710.8086547851562,1153.1190185546875,2.2831034660339355
35,20,710.7954711914062,1153.1395263671875,2.2831034660339355
35,21,710.7975463867188,1153.1024169921875,2.2831034660339355
35,22,710.7919311523438,1153.105224609375,2.2831034660339355
35,23,710.8042602539062,1153.11328125,2.2831034660339355
35,24,710.8106689453125,1153.1300048828125,2.2831034660339355
35,25,710.795166015625,1153.093017578125,2.2831034660339355
35,26,710.8226318359375,1153.0869140625,2.2831034660339355
35,27,710.8147583007812,1153.114990234375,2.2831034660339355
35,28,710.8064575195312,1153.0950927734375,2.2831034660339355
35,29,710.78515625,1153.067138671875,2.2831034660339355
36,0,710.7455444335938,1153.0894775390625,2.2630882263183594
36,1,710.741455078125,1153.0841064453125,2.2630882263183594
36,2,710.7550048828125,1153.0582275390625,2.2630882263183594
36,3,710.7590942382812,1153.0596923828125,2.2630882263183594
36,4,710.7570190429688,1153.06298828125,2.2630882263183594
36,5,710.757080078125,1153.0662841796875,2.2630882263183594
36,6,710.7463989257812,1153.06103515625,2.2630882263183594
36,7,710.7697143554688,1153.04443359375,2.2630882263183594
36,8,710.7764282226562,1153.0626220703125,2.2630882263183594
36,9,710.7501831054688,1153.0460205078125,2.2630882263183594
36,10,710.7783813476562,1153.0721435546875,2.2630882263183594
36,11,710.7674560546875,1153.0440673828125,2.2630882263183594
36,12,710.7802734375,1153.0604248046875,2.2630882263183594
36,13,710.764404296875,1153.057861328125,2.2630882263183594
36,14,710.772705078125,1153.072509765625,2.2630882263183594
36,15,710.7716064453125,1153.069091796875,2.2630882263183594
36,16,710.7817993164062,1153.0582275390625,2.2630882263183594
36,17,710.77978515625,1153.07421875,2.2630882263183594
36,18,710.7869262695312,1153.0687255859375,2.2630882263183594
36,19,710.7928466796875,1153.07421875,2.2630882263183594
36,20,710.7786865234375,1153.068603515625,2.2630882263183594
36,21,710.79296875,1153.0753173828125,2.2630882263183594
36,22,710.7874755859375,1153.0675048828125,2.2630882263183594
36,23,710.7889404296875,1153.06689453125,2.2630882263183594
36,24,710.7798461914062,1153.06884765625,2.2630882263183594
36,25,710.7943115234375,1153.0897216796875,2.2630882263183594
36,26,710.798828125,1153.0767822265625,2.2630882263183594
36,27,710.8002319335938,1153.0797119140625,2.2630882263183594
36,28,710.8028564453125,1153.07763671875,2.2630882263183594
36,29,710.8089599609375,1153.1092529296875,2.2630882263183594
37,0,700.369873046875,1151.9495849609375,-0.08936313539743423
37,1,699.4529418945312,1149.0145263671875,-0.08936313539743423
37,2,698.5553588867188,1146.148193359375,-0.08936313539743423
37,3,697.6775512695312,1143.3521728515625,-0.08936313539743423
37,4,696.8199462890625,1140.628173828125,-0.08936313539743423
37,5,695.9829711914062,1137.97802734375,-0.08936313539743423
37,6,695.1669921875,1135.4033203125,-0.08936313539743423
37,7,694.37255859375,1132.9058837890625,-0.08936313539743423
37,8,693.5999755859375,1130.4874267578125,-0.08936313539743423
37,9,692.8497314453125,1128.1497802734375,-0.08936313539743423
37,10,692.1222534179688,1125.89453125,-0.08936313539743423
37,11,691.4179077148438,1123.7235107421875,-0.08936313539743423
37,12,690.7371826171875,1121.6385498046875,-0.08936313539743423
37,13,690.0805053710938,1119.64111328125,-0.08936313539743423
37,14,689.4482421875,1117.7332763671875,-0.08936313539743423
37,15,688.8408813476562,1115.9166259765625,-0.08936313539743423
37,16,688.2587890625,1114.1927490234375,-0.08936313539743423
37,17,687.7024536132812,1112.563720703125,-0.08936313539743423
37,18,687.1723022460938,1111.031005859375,-0.08936313539743423
37,19,686.668701171875,1109.5963134765625,-0.08936313539743423
37,20,686.1920776367188,1108.2615966796875,-0.08936313539743423
37,21,685.7428588867188,1107.028564453125,-0.08936313539743423
37,22,685.321533203125,1105.8988037109375,-0.08936313539743423
37,23,684.9285278320312,1104.8741455078125,-0.08936313539743423
37,24,684.5641479492188,1103.9564208984375,-0.08936313539743423
37,25,684.2289428710938,1103.147216796875,-0.08936313539743423
37,26,683.9232788085938,1102.4482421875,-0.08936313539743423
37,27,683.6475830078125,1101.8614501953125,-0.08936313539743423
37,28,683.4022827148438,1101.388427734375,-0.08936313539743423
37,29,683.1878051757812,1101.0308837890625,-0.08936313539743423
38,0,711.0486450195312,1152.9840087890625,2.2707712650299072
38,1,711.0225219726562,1153.0115966796875,2.2707712650299072
38,2,711.0185546875,1153.035888671875,2.2707712650299072
38,3,710.98583984375,1153.053955078125,2.2707712650299072
38,4,710.9647216796875,1153.0621337890625,2.2707712650299072
38,5,710.9649658203125,1153.0267333984375,2.2707712650299072
38,6,710.9647827148438,1153.1114501953125,2.2707712650299072
38,7,710.9163208007812,1153.050048828125,2.2707712650299072
38,8,710.9763793945312,1153.062255859375,2.2707712650299072
38,9,710.966552734375,1153.0667724609375,2.2707712650299072
38,10,710.9066772460938,1153.05517578125,2.2707712650299072
38,11,710.9698486328125,1153.099609375,2.2707712650299072
38,12,710.93798828125,1153.0601806640625,2.2707712650299072
38,13,710.9141845703125,1153.1068115234375,2.2707712650299072
38,14,710.8901977539062,1153.05859375,2.2707712650299072
38,15,710.8551635742188,1153.086181640625,2.2707712650299072
38,16,710.9174194335938,1153.09521484375,2.2707712650299072
38,17,710.8338012695312,1153.1507568359375,2.2707712650299072
38,18,710.8665771484375,1153.130126953125,2.2707712650299072
38,19,710.846923828125,1153.099609375,2.2707712650299072
38,20,710.8410034179688,1153.1014404296875,2.2707712650299072
38,21,710.818115234375,1153.0858154296875,2.2707712650299072
38,22,710.845458984375,1153.1063232421875,2.2707712650299072
38,23,710.8203735351562,1153.1171875,2.2707712650299072
38,24,710.8418579101562,1153.1292724609375,2.2707712650299072
38,25,710.8005981445312,1153.070068359375,2.2707712650299072
38,26,710.8314819335938,1153.114013671875,2.2707712650299072
38,27,710.8314208984375,1153.1497802734375,2.2707712650299072
38,28,710.7978515625,1153.1265869140625,2.2707712650299072
38,29,710.7540893554688,1153.1280517578125,2.2707712650299072
39,0,710.7744140625,1153.1077880859375,2.281831979751587
39,1,710.7745361328125,1153.104248046875,2.281831979751587
39,2,710.783935546875,1153.0745849609375,2.281831979751587
39,3,710.7952270507812,1153.088134765625,2.281831979751587
39,4,710.773681640625,1153.09912109375,2.281831979751587
39,5,710.7871704101562,1153.1019287109375,2.281831979751587
39,6,710.780517578125,1153.094482421875,2.281831979751587
39,7,710.7862548828125,1153.0738525390625,2.281831979751587
39,8,710.805419921875,1153.080810546875,2.281831979751587
39,9,710.7821044921875,1153.0609130859375,2.281831979751587
39,10,710.7952880859375,1153.0899658203125,2.281831979751587
39,11,710.7981567382812,1153.0750732421875,2.281831979751587
39,12,710.8033447265625,1153.0794677734375,2.281831979751587
39,13,710.7830200195312,1153.0831298828125,2.281831979751587
39,14,710.7881469726562,1153.090576171875,2.281831979751587
39,15,710.7791137695312,1153.0902099609375,2.281831979751587
39,16,710.7909545898438,1153.083251953125,2.281831979751587
39,17,710.7857666015625,1153.09228515625,2.281831979751587
39,18,710.7930908203125,1153.0830078125,2.281831979751587
39,19,710.801513671875,1153.0965576171875,2.281831979751587
39,20,710.786376953125,1153.0814208984375,2.281831979751587
39,21,710.7879028320312,1153.086181640625,2.281831979751587
39,22,710.79541015625,1153.0777587890625,2.281831979751587
39,23,710.793701171875,1153.083984375,2.281831979751587
39,24,710.7779541015625,1153.086669921875,2.281831979751587
39,25,710.7970581054688,1153.0955810546875,2.281831979751587
39,26,710.80224609375,1153.08447265625,2.281831979751587
39,27,710.797119140625,1153.09814453125,2.281831979751587
39,28,710.7987670898438,1153.0831298828125,2.281831979751587
39,29,710.7828979492188,1153.109619140625,2.281831979751587
40,0,710.8531494140625,1153.047119140625,2.2879326343536377
40,1,710.8429565429688,1153.06640625,2.2879326343536377
40,2,710.84912109375,1153.056396484375,2.2879326343536377
40,3,710.8589477539062,1153.06005859375,2.2879326343536377
40,4,710.8472900390625,1153.081298828125,2.2879326343536377
40,5,710.8336791992188,1153.054443359375,2.2879326343536377
40,6,710.8046264648438,1153.0830078125,2.2879326343536377
40,7,710.814208984375,1153.0516357421875,2.2879326343536377
40,8,710.8641357421875,1153.063720703125,2.2879326343536377
40,9,710.8178100585938,1153.057373046875,2.2879326343536377
40,10,710.8377075195312,1153.0736083984375,2.2879326343536377
40,11,710.8406372070312,1153.042724609375,2.2879326343536377
40,12,710.841064453125,1153.0718994140625,2.2879326343536377
40,13,710.8169555664062,1153.08056640625,2.2879326343536377
40,14,710.8114624023438,1153.0611572265625,2.2879326343536377
40,15,710.7901000976562,1153.0771484375,2.2879326343536377
40,16,710.8365478515625,1153.059326171875,2.2879326343536377
40,17,710.8109741210938,1153.0987548828125,2.2879326343536377
40,18,710.8062133789062,1153.065673828125,2.2879326343536377
40,19,710.8143920898438,1153.0682373046875,2.2879326343536377
40,20,710.793212890625,1153.045654296875,2.2879326343536377
40,21,710.8076171875,1153.070556640625,2.2879326343536377
40,22,710.805908203125,1153.0806884765625,2.2879326343536377
40,23,710.7894287109375,1153.05908203125,2.2879326343536377
40,24,710.8162841796875,1153.08251953125,2.2879326343536377
40,25,710.8101196289062,1153.078857421875,2.2879326343536377
40,26,710.8143920898438,1153.0882568359375,2.2879326343536377
40,27,710.81201171875,1153.098876953125,2.2879326343536377
40,28,710.7919921875,1153.087158203125,2.2879326343536377
40,29,710.8038330078125,1153.1275634765625,2.2879326343536377
41,0,710.5603637695312,1153.0716552734375,2.4964981079101562
41,1,710.5606079101562,1153.108642578125,2.4964981079101562
41,2,710.5625,1153.12255859375,2.4964981079101562
41,3,710.65625,1153.1446533203125,2.4964981079101562
41,4,710.651611328125,1153.1829833984375,2.4964981079101562
41,5,710.619384765625,1153.1650390625,2.4964981079101562
41,6,710.63330078125,1153.1275634765625,2.4964981079101562
41,7,710.617919921875,1153.118896484375,2.4964981079101562
41,8,710.7548828125,1153.1202392578125,2.4964981079101562
41,9,710.6574096679688,1153.0235595703125,2.4964981079101562
41,10,710.68994140625,1153.1251220703125,2.4964981079101562
41,11,710.6858520507812,1153.158447265625,2.4964981079101562
41,12,710.7236328125,1153.06689453125,2.4964981079101562
41,13,710.734130859375,1153.0965576171875,2.4964981079101562
41,14,710.6898193359375,1153.105224609375,2.4964981079101562
41,15,710.736572265625,1153.1258544921875,2.4964981079101562
41,16,710.7466430664062,1153.104248046875,2.4964981079101562
41,17,710.7384033203125,1153.1484375,2.4964981079101562
41,18,710.7272338867188,1153.1492919921875,2.4964981079101562
41,19,710.7387084960938,1153.1162109375,2.4964981079101562
41,20,710.7001953125,1153.114013671875,2.4964981079101562
41,21,710.7257690429688,1153.1241455078125,2.4964981079101562
41,22,710.7666625976562,1153.127197265625,2.4964981079101562
41,23,710.7470092773438,1153.109619140625,2.4964981079101562
41,24,710.7835083007812,1153.15087890625,2.4964981079101562
41,25,710.768310546875,1153.10107421875,2.4964981079101562
41,26,710.7942504882812,1153.0855712890625,2.4964981079101562
41,27,710.8298950195312,1153.097412109375,2.4964981079101562
41,28,710.8046264648438,1153.1021728515625,2.4964981079101562
41,29,710.8179931640625,1153.048583984375,2.4964981079101562
42,0,710.76416015625,1153.102294921875,2.3015854358673096
42,1,710.7650756835938,1153.093017578125,2.3015854358673096
42,2,710.7730712890625,1153.06982421875,2.3015854358673096
42,3,710.79052734375,1153.0867919921875,2.3015854358673096
42,4,710.7590942382812,1153.0833740234375,2.3015854358673096
42,5,710.7767333984375,1153.099609375,2.3015854358673096
42,6,710.7778930664062,1153.0836181640625,2.3015854358673096
42,7,710.7713623046875,1153.0533447265625,2.3015854358673096
42,8,710.7911987304688,1153.0740966796875,2.3015854358673096
42,9,710.7698364257812,1153.05810546875,2.3015854358673096
42,10,710.7797241210938,1153.0804443359375,2.3015854358673096
42,11,710.777099609375,1153.05810546875,2.3015854358673096
42,12,710.7850341796875,1153.0673828125,2.3015854358673096
42,13,710.77587890625,1153.076416015625,2.3015854358673096
42,14,710.7806396484375,1153.086181640625,2.3015854358673096
42,15,710.775634765625,1153.0762939453125,2.3015854358673096
42,16,710.7899780273438,1153.083984375,2.3015854358673096
42,17,710.7821044921875,1153.0863037109375,2.3015854358673096
42,18,710.7919921875,1153.079345703125,2.3015854358673096
42,19,710.799072265625,1153.0975341796875,2.3015854358673096
42,20,710.7816162109375,1153.0875244140625,2.3015854358673096
42,21,710.7881469726562,1153.0819091796875,2.3015854358673096
42,22,710.7924194335938,1153.0694580078125,2.3015854358673096
42,23,710.792724609375,1153.0828857421875,2.3015854358673096
42,24,710.778076171875,1153.0797119140625,2.3015854358673096
42,25,710.80419921875,1153.0911865234375,2.3015854358673096
42,26,710.8091430664062,1153.0709228515625,2.3015854358673096
42,27,710.7959594726562,1153.0870361328125,2.3015854358673096
42,28,710.7984008789062,1153.073974609375,2.3015854358673096
42,29,710.802734375,1153.09912109375,2.3015854358673096
43,0,694.9631958007812,1094.4520263671875,-1.1623684167861938
43,1,695.1765747070312,1095.0135498046875,-1.1623684167861938
43,2,695.3721923828125,1095.5677490234375,-1.1623684167861938
43,3,695.5515747070312,1096.1151123046875,-1.1623684167861938
43,4,695.7161865234375,1096.655517578125,-1.1623684167861938
43,5,695.8675537109375,1097.189208984375,-1.1623684167861938
43,6,696.0071411132812,1097.71630859375,-1.1623684167861938
43,7,696.1365356445312,1098.237060546875,-1.1623684167861938
43,8,696.2571411132812,1098.75146484375,-1.1623684167861938
43,9,696.3705444335938,1099.259765625,-1.1623684167861938
43,10,696.478271484375,1099.7623291015625,-1.1623684167861938
43,11,696.5817260742188,1100.2589111328125,-1.1623684167861938
43,12,696.6825561523438,1100.7498779296875,-1.1623684167861938
43,13,696.7821044921875,1101.2353515625,-1.1623684167861938
43,14,696.8819580078125,1101.715576171875,-1.1623684167861938
43,15,696.9837036132812,1102.190673828125,-1.1623684167861938
43,16,697.0886840820312,1102.66064453125,-1.1623684167861938
43,17,697.1985473632812,1103.1258544921875,-1.1623684167861938
43,18,697.314697265625,1103.5863037109375,-1.1623684167861938
43,19,697.438720703125,1104.042236328125,-1.1623684167861938
43,20,697.572021484375,1104.4937744140625,-1.1623684167861938
43,21,697.7162475585938,1104.9410400390625,-1.1623684167861938
43,22,697.872802734375,1105.38427734375,-1.1623684167861938
43,23,698.043212890625,1105.8236083984375,-1.1623684167861938
43,24,698.2289428710938,1106.2591552734375,-1.1623684167861938
43,25,698.431640625,1106.6910400390625,-1.1623684167861938
43,26,698.6526489257812,1107.1195068359375,-1.1623684167861938
43,27,698.8935546875,1107.544677734375,-1.1623684167861938
43,28,699.1558837890625,1107.9666748046875,-1.1623684167861938
43,29,699.4410400390625,1108.3856201171875,-1.1623684167861938
44,0,711.823974609375,1162.48828125,1.5498720407485962
44,1,711.7098388671875,1162.2001953125,1.5498720407485962
44,2,711.614501953125,1161.3443603515625,1.5498720407485962
44,3,711.6140747070312,1160.8709716796875,1.5498720407485962
44,4,711.28857421875,1160.2999267578125,1.5498720407485962
44,5,711.1796264648438,1159.4693603515625,1.5498720407485962
44,6,711.1373291015625,1158.817626953125,1.5498720407485962
44,7,710.7335205078125,1158.426025390625,1.5498720407485962
44,8,710.7182006835938,1157.69384765625,1.5498720407485962
44,9,710.6538696289062,1157.070068359375,1.5498720407485962
44,10,710.3837280273438,1156.0673828125,1.5498720407485962
44,11,710.4276123046875,1156.060546875,1.5498720407485962
44,12,710.2760009765625,1155.5618896484375,1.5498720407485962
44,13,710.162841796875,1154.966552734375,1.5498720407485962
44,14,709.9286499023438,1154.5938720703125,1.5498720407485962
44,15,709.86669921875,1154.125732421875,1.5498720407485962
44,16,709.7872924804688,1153.736328125,1.5498720407485962
44,17,709.6068115234375,1153.3636474609375,1.5498720407485962
44,18,709.7247924804688,1153.14453125,1.5498720407485962
44,19,709.5098266601562,1152.794677734375,1.5498720407485962
44,20,709.1427612304688,1152.103515625,1.5498720407485962
44,21,709.346435546875,1152.2841796875,1.5498720407485962
44,22,709.3768310546875,1152.1099853515625,1.5498720407485962
44,23,709.3605346679688,1151.978759765625,1.5498720407485962
44,24,709.3916015625,1151.6153564453125,1.5498720407485962
44,25,709.44970703125,1151.5928955078125,1.5498720407485962
44,26,709.296142578125,1151.4141845703125,1.5498720407485962
44,27,709.3196411132812,1151.4090576171875,1.5498720407485962
44,28,709.446044921875,1151.404541015625,1.5498720407485962
44,29,709.1499633789062,1150.8616943359375,1.5498720407485962
45,0,710.737548828125,1153.0252685546875,2.603959321975708
45,1,710.7528686523438,1153.023193359375,2.603959321975708
45,2,710.777099609375,1153.0654296875,2.603959321975708
45,3,710.7622680664062,1153.0452880859375,2.603959321975708
45,4,710.776611328125,1153.0567626953125,2.603959321975708
45,5,710.7650146484375,1153.0704345703125,2.603959321975708
45,6,710.7717895507812,1153.078857421875,2.603959321975708
45,7,710.7752075195312,1153.0848388671875,2.603959321975708
45,8,710.8085327148438,1153.0704345703125,2.603959321975708
45,9,710.7747802734375,1153.044677734375,2.603959321975708
45,10,710.8054809570312,1153.095458984375,2.603959321975708
45,11,710.819091796875,1153.052978515625,2.603959321975708
45,12,710.802734375,1153.0732421875,2.603959321975708
45,13,710.7658081054688,1153.090087890625,2.603959321975708
45,14,710.785400390625,1153.06201171875,2.603959321975708
45,15,710.7805786132812,1153.0572509765625,2.603959321975708
45,16,710.800537109375,1153.08154296875,2.603959321975708
45,17,710.7777099609375,1153.067626953125,2.603959321975708
45,18,710.7780151367188,1153.063720703125,2.603959321975708
45,19,710.79248046875,1153.0670166015625,2.603959321975708
45,20,710.7590942382812,1153.0460205078125,2.603959321975708
45,21,710.7716064453125,1153.08349609375,2.603959321975708
45,22,710.7949829101562,1153.0667724609375,2.603959321975708
45,23,710.7765502929688,1153.0806884765625,2.603959321975708
45,24,710.774658203125,1153.082275390625,2.603959321975708
45,25,710.7692260742188,1153.080078125,2.603959321975708
45,26,710.7799072265625,1153.085693359375,2.603959321975708
45,27,710.7809448242188,1153.0908203125,2.603959321975708
45,28,710.7802124023438,1153.111572265625,2.603959321975708
45,29,710.7513427734375,1153.0999755859375,2.603959321975708
46,0,710.7831420898438,1153.1068115234375,2.267707347869873
46,1,710.7772827148438,1153.1004638671875,2.267707347869873
46,2,710.78564453125,1153.079833984375,2.267707347869873
46,3,710.787353515625,1153.072998046875,2.267707347869873
46,4,710.77978515625,1153.0638427734375,2.267707347869873
46,5,710.7701416015625,1153.07275390625,2.267707347869873
46,6,710.7708740234375,1153.0782470703125,2.267707347869873
46,7,710.7984008789062,1153.071044921875,2.267707347869873
46,8,710.7930908203125,1153.083251953125,2.267707347869873
46,9,710.7691650390625,1153.0758056640625,2.267707347869873
46,10,710.80029296875,1153.08544921875,2.267707347869873
46,11,710.7901611328125,1153.0677490234375,2.267707347869873
46,12,710.7918701171875,1153.085205078125,2.267707347869873
46,13,710.78564453125,1153.083251953125,2.267707347869873
46,14,710.7904052734375,1153.0836181640625,2.267707347869873
46,15,710.7918701171875,1153.06884765625,2.267707347869873
46,16,710.801513671875,1153.0772705078125,2.267707347869873
46,17,710.7897338867188,1153.0869140625,2.267707347869873
46,18,710.7998657226562,1153.084228515625,2.267707347869873
46,19,710.8015747070312,1153.0875244140625,2.267707347869873
46,20,710.79248046875,1153.0819091796875,2.267707347869873
46,21,710.79931640625,1153.085693359375,2.267707347869873
46,22,710.793701171875,1153.0843505859375,2.267707347869873
46,23,710.79833984375,1153.0753173828125,2.267707347869873
46,24,710.787353515625,1153.0753173828125,2.267707347869873
46,25,710.80224609375,1153.09521484375,2.267707347869873
46,26,710.8025512695312,1153.0916748046875,2.267707347869873
46,27,710.7991333007812,1153.083984375,2.267707347869873
46,28,710.7994384765625,1153.0986328125,2.267707347869873
46,29,710.803466796875,1153.115234375,2.267707347869873
47,0,710.8374633789062,1153.068359375,2.2787864208221436
47,1,710.8311767578125,1153.07080078125,2.2787864208221436
47,2,710.8359375,1153.066162109375,2.2787864208221436
47,3,710.8377075195312,1153.064697265625,2.2787864208221436
47,4,710.81201171875,1153.06640625,2.2787864208221436
47,5,710.8222045898438,1153.0682373046875,2.2787864208221436
47,6,710.8192749023438,1153.08251953125,2.2787864208221436
47,7,710.8211669921875,1153.052734375,2.2787864208221436
47,8,710.8352661132812,1153.079345703125,2.2787864208221436
47,9,710.8211669921875,1153.0689697265625,2.2787864208221436
47,10,710.8121337890625,1153.0704345703125,2.2787864208221436
47,11,710.8219604492188,1153.0628662109375,2.2787864208221436
47,12,710.823486328125,1153.0667724609375,2.2787864208221436
47,13,710.802734375,1153.08251953125,2.2787864208221436
47,14,710.8138427734375,1153.0760498046875,2.2787864208221436
47,15,710.7924194335938,1153.0751953125,2.2787864208221436
47,16,710.8162841796875,1153.0751953125,2.2787864208221436
47,17,710.7962036132812,1153.1011962890625,2.2787864208221436
47,18,710.8132934570312,1153.0885009765625,2.2787864208221436
47,19,710.8123168945312,1153.0941162109375,2.2787864208221436
47,20,710.7944946289062,1153.08935546875,2.2787864208221436
47,21,710.8019409179688,1153.0804443359375,2.2787864208221436
47,22,710.8024291992188,1153.071533203125,2.2787864208221436
47,23,710.7982177734375,1153.0826416015625,2.2787864208221436
47,24,710.7900390625,1153.08154296875,2.2787864208221436
47,25,710.79833984375,1153.086181640625,2.2787864208221436
47,26,710.8054809570312,1153.0794677734375,2.2787864208221436
47,27,710.806884765625,1153.0980224609375,2.2787864208221436
47,28,710.8060302734375,1153.082275390625,2.2787864208221436
47,29,710.7898559570312,1153.09716796875,2.2787864208221436
48,0,629.5181884765625,1147.9627685546875,-0.18476417660713196
48,1,632.0686645507812,1147.9901123046875,-0.18476417660713196
48,2,634.5281982421875,1147.9903564453125,-0.18476417660713196
48,3,636.8968505859375,1147.9654541015625,-0.18476417660713196
48,4,639.1746215820312,1147.9176025390625,-0.18476417660713196
48,5,641.361572265625,1147.8485107421875,-0.18476417660713196
48,6,643.4577026367188,1147.76025390625,-0.18476417660713196
48,7,645.4630737304688,1147.6549072265625,-0.18476417660713196
48,8,647.3777465820312,1147.5343017578125,-0.18476417660713196
48,9,649.2015991210938,1147.4005126953125,-0.18476417660713196
48,10,650.934814453125,1147.2554931640625,-0.18476417660713196
48,11,652.5773315429688,1147.1011962890625,-0.18476417660713196
48,12,654.129150390625,1146.939697265625,-0.18476417660713196
48,13,655.5903930664062,1146.77294921875,-0.18476417660713196
48,14,656.9609985351562,1146.602783203125,-0.18476417660713196
48,15,658.2410888671875,1146.431396484375,-0.18476417660713196
48,16,659.4306030273438,1146.2606201171875,-0.18476417660713196
48,17,660.5296020507812,1146.092529296875,-0.18476417660713196
48,18,661.5380859375,1145.9290771484375,-0.18476417660713196
48,19,662.4561157226562,1145.772216796875,-0.18476417660713196
48,20,663.28369140625,1145.6239013671875,-0.18476417660713196
48,21,664.0208129882812,1145.4862060546875,-0.18476417660713196
48,22,664.6676025390625,1145.3609619140625,-0.18476417660713196
48,23,665.2239990234375,1145.2503662109375,-0.18476417660713196
48,24,665.6900634765625,1145.15625,-0.18476417660713196
48,25,666.0657958984375,1145.08056640625,-0.18476417660713196
48,26,666.3512573242188,1145.025390625,-0.18476417660713196
48,27,666.5464477539062,1144.9927978515625,-0.18476417660713196
48,28,666.6514282226562,1144.9844970703125,-0.18476417660713196
48,29,666.6661376953125,1145.002685546875,-0.18476417660713196
49,0,707.236083984375,1165.7464599609375,1.4026875495910645
49,1,706.9423217773438,1164.2257080078125,1.4026875495910645
49,2,706.6589965820312,1162.72021484375,1.4026875495910645
49,3,706.3718872070312,1161.2734375,1.4026875495910645
49,4,706.0772094726562,1159.8577880859375,1.4026875495910645
49,5,705.7953491210938,1158.464111328125,1.4026875495910645
49,6,705.5216674804688,1157.1219482421875,1.4026875495910645
49,7,705.2325439453125,1155.83544921875,1.4026875495910645
49,8,704.966552734375,1154.569580078125,1.4026875495910645
49,9,704.7055053710938,1153.3511962890625,1.4026875495910645
49,10,704.4490966796875,1152.171875,1.4026875495910645
49,11,704.2093505859375,1151.058837890625,1.4026875495910645
49,12,703.970947265625,1149.98095703125,1.4026875495910645
49,13,703.7442016601562,1148.938720703125,1.4026875495910645
49,14,703.531494140625,1147.962646484375,1.4026875495910645
49,15,703.3317260742188,1147.0220947265625,1.4026875495910645
49,16,703.1500244140625,1146.137451171875,1.4026875495910645
49,17,702.9769287109375,1145.3038330078125,1.4026875495910645
49,18,702.8388061523438,1144.530029296875,1.4026875495910645
49,19,702.6959838867188,1143.801513671875,1.4026875495910645
49,20,702.564453125,1143.1114501953125,1.4026875495910645
49,21,702.4833984375,1142.5078125,1.4026875495910645
49,22,702.4153442382812,1141.9456787109375,1.4026875495910645
49,23,702.3663330078125,1141.442138671875,1.4026875495910645
49,24,702.3412475585938,1140.9893798828125,1.4026875495910645
49,25,702.3407592773438,1140.6044921875,1.4026875495910645
49,26,702.3526000976562,1140.2689208984375,1.4026875495910645
49,27,702.4022827148438,1140.011474609375,1.4026875495910645
49,28,702.4843139648438,1139.8082275390625,1.4026875495910645
49,29,702.5672607421875,1139.6361083984375,1.4026875495910645
50,0,710.7728271484375,1153.057373046875,2.315687894821167
50,1,710.7865600585938,1153.071044921875,2.315687894821167
50,2,710.7909545898438,1153.06787109375,2.315687894821167
50,3,710.8234252929688,1153.088134765625,2.315687894821167
50,4,710.7882690429688,1153.09521484375,2.315687894821167
50,5,710.7940063476562,1153.0982666015625,2.315687894821167
50,6,710.7970581054688,1153.0830078125,2.315687894821167
50,7,710.7835693359375,1153.0572509765625,2.315687894821167
50,8,710.81640625,1153.0804443359375,2.315687894821167
50,9,710.7960205078125,1153.0677490234375,2.315687894821167
50,10,710.812255859375,1153.09033203125,2.315687894821167
50,11,710.8016967773438,1153.07080078125,2.315687894821167
50,12,710.813720703125,1153.085205078125,2.315687894821167
50,13,710.7937622070312,1153.09228515625,2.315687894821167
50,14,710.8050537109375,1153.107666015625,2.315687894821167
50,15,710.7918090820312,1153.1038818359375,2.315687894821167
50,16,710.8082885742188,1153.0987548828125,2.315687894821167
50,17,710.792236328125,1153.1060791015625,2.315687894821167
50,18,710.802734375,1153.1038818359375,2.315687894821167
50,19,710.8184204101562,1153.1224365234375,2.315687894821167
50,20,710.7816162109375,1153.1114501953125,2.315687894821167
50,21,710.8076171875,1153.0887451171875,2.315687894821167
50,22,710.80712890625,1153.099365234375,2.315687894821167
50,23,710.80029296875,1153.1065673828125,2.315687894821167
50,24,710.8030395507812,1153.1005859375,2.315687894821167
50,25,710.8077392578125,1153.1038818359375,2.315687894821167
50,26,710.81640625,1153.08251953125,2.315687894821167
50,27,710.8158569335938,1153.113037109375,2.315687894821167
50,28,710.8078002929688,1153.08349609375,2.315687894821167
50,29,710.82177734375,1153.113037109375,2.315687894821167
51,0,710.7150268554688,1153.052001953125,2.4019806385040283
51,1,710.7086181640625,1153.07763671875,2.4019806385040283
51,2,710.7027587890625,1153.0684814453125,2.4019806385040283
51,3,710.7625732421875,1153.10791015625,2.4019806385040283
51,4,710.747314453125,1153.123046875,2.4019806385040283
51,5,710.719970703125,1153.1123046875,2.4019806385040283
51,6,710.7089233398438,1153.10546875,2.4019806385040283
51,7,710.7228393554688,1153.0694580078125,2.4019806385040283
51,8,710.8140258789062,1153.0987548828125,2.4019806385040283
51,9,710.7269897460938,1153.032470703125,2.4019806385040283
51,10,710.7651977539062,1153.0927734375,2.4019806385040283
51,11,710.7501220703125,1153.1165771484375,2.4019806385040283
51,12,710.7660522460938,1153.0595703125,2.4019806385040283
51,13,710.7828369140625,1153.0927734375,2.4019806385040283
51,14,710.7603149414062,1153.08447265625,2.4019806385040283
51,15,710.7739868164062,1153.0980224609375,2.4019806385040283
51,16,710.783935546875,1153.076416015625,2.4019806385040283
51,17,710.7693481445312,1153.12353515625,2.4019806385040283
51,18,710.7719116210938,1153.1275634765625,2.4019806385040283
51,19,710.7734375,1153.111572265625,2.4019806385040283
51,20,710.7470703125,1153.09814453125,2.4019806385040283
51,21,710.7694702148438,1153.099365234375,2.4019806385040283
51,22,710.7874145507812,1153.1060791015625,2.4019806385040283
51,23,710.7666625976562,1153.1007080078125,2.4019806385040283
51,24,710.7918701171875,1153.1234130859375,2.4019806385040283
51,25,710.7914428710938,1153.09619140625,2.4019806385040283
51,26,710.8118896484375,1153.0859375,2.4019806385040283
51,27,710.8252563476562,1153.0908203125,2.4019806385040283
51,28,710.788818359375,1153.08740234375,2.4019806385040283
51,29,710.8177490234375,1153.07568359375,2.4019806385040283
52,0,710.80419921875,1153.084228515625,2.2977535724639893
52,1,710.80126953125,1153.071044921875,2.2977535724639893
52,2,710.8046875,1153.0513916015625,2.2977535724639893
52,3,710.8049926757812,1153.074951171875,2.2977535724639893
52,4,710.7792358398438,1153.0546875,2.2977535724639893
52,5,710.801513671875,1153.07958984375,2.2977535724639893
52,6,710.8121337890625,1153.0615234375,2.2977535724639893
52,7,710.7974243164062,1153.0517578125,2.2977535724639893
52,8,710.8015747070312,1153.0643310546875,2.2977535724639893
52,9,710.7918090820312,1153.051513671875,2.2977535724639893
52,10,710.7952270507812,1153.06494140625,2.2977535724639893
52,11,710.8056640625,1153.0528564453125,2.2977535724639893
52,12,710.8042602539062,1153.0576171875,2.2977535724639893
52,13,710.7923583984375,1153.05859375,2.2977535724639893
52,14,710.786376953125,1153.084228515625,2.2977535724639893
52,15,710.7918090820312,1153.0728759765625,2.2977535724639893
52,16,710.799560546875,1153.07177734375,2.2977535724639893
52,17,710.7898559570312,1153.0753173828125,2.2977535724639893
52,18,710.7966918945312,1153.0677490234375,2.2977535724639893
52,19,710.8031616210938,1153.09326171875,2.2977535724639893
52,20,710.7896728515625,1153.0787353515625,2.2977535724639893
52,21,710.7869262695312,1153.084228515625,2.2977535724639893
52,22,710.8052368164062,1153.077392578125,2.2977535724639893
52,23,710.79833984375,1153.086181640625,2.2977535724639893
52,24,710.7734985351562,1153.0780029296875,2.2977535724639893
52,25,710.8023681640625,1153.090087890625,2.2977535724639893
52,26,710.808837890625,1153.08203125,2.2977535724639893
52,27,710.7987670898438,1153.1002197265625,2.2977535724639893
52,28,710.799560546875,1153.087158203125,2.2977535724639893
52,29,710.803466796875,1153.1256103515625,2.2977535724639893
53,0,710.889892578125,1153.0435791015625,2.2763893604278564
53,1,710.8724365234375,1153.0516357421875,2.2763893604278564
53,2,710.8745727539062,1153.0482177734375,2.2763893604278564
53,3,710.864501953125,1153.05322265625,2.2763893604278564
53,4,710.8442993164062,1153.0535888671875,2.2763893604278564
53,5,710.8478393554688,1153.0457763671875,2.2763893604278564
53,6,710.8427734375,1153.072021484375,2.2763893604278564
53,7,710.8421630859375,1153.0433349609375,2.2763893604278564
53,8,710.8583374023438,1153.0655517578125,2.2763893604278564
53,9,710.8485107421875,1153.0614013671875,2.2763893604278564
53,10,710.8297729492188,1153.0621337890625,2.2763893604278564
53,11,710.8442993164062,1153.05517578125,2.2763893604278564
53,12,710.8436279296875,1153.06005859375,2.2763893604278564
53,13,710.822021484375,1153.0750732421875,2.2763893604278564
53,14,710.828125,1153.0638427734375,2.2763893604278564
53,15,710.8064575195312,1153.072265625,2.2763893604278564
53,16,710.833984375,1153.0687255859375,2.2763893604278564
53,17,710.803466796875,1153.1068115234375,2.2763893604278564
53,18,710.8245849609375,1153.0921630859375,2.2763893604278564
53,19,710.8179321289062,1153.0849609375,2.2763893604278564
53,20,710.8080444335938,1153.0858154296875,2.2763893604278564
53,21,710.8042602539062,1153.0791015625,2.2763893604278564
53,22,710.81005859375,1153.07080078125,2.2763893604278564
53,23,710.8043823242188,1153.0836181640625,2.2763893604278564
53,24,710.7991943359375,1153.0853271484375,2.2763893604278564
53,25,710.8013916015625,1153.0819091796875,2.2763893604278564
53,26,710.8094482421875,1153.0865478515625,2.2763893604278564
53,27,710.8086547851562,1153.103515625,2.2763893604278564
53,28,710.8028564453125,1153.0870361328125,2.2763893604278564
53,29,710.7875366210938,1153.111083984375,2.2763893604278564
54,0,710.7477416992188,1153.10302734375,2.2745513916015625
54,1,710.7426147460938,1153.092529296875,2.2745513916015625
54,2,710.75732421875,1153.0672607421875,2.2745513916015625
54,3,710.7650146484375,1153.072021484375,2.2745513916015625
54,4,710.75048828125,1153.0703125,2.2745513916015625
54,5,710.7595825195312,1153.083251953125,2.2745513916015625
54,6,710.7562255859375,1153.0687255859375,2.2745513916015625
54,7,710.763427734375,1153.044677734375,2.2745513916015625
54,8,710.7771606445312,1153.06591796875,2.2745513916015625
54,9,710.7510375976562,1153.0435791015625,2.2745513916015625
54,10,710.7719116210938,1153.0692138671875,2.2745513916015625
54,11,710.7689208984375,1153.043212890625,2.2745513916015625
54,12,710.7767333984375,1153.0567626953125,2.2745513916015625
54,13,710.7611694335938,1153.05908203125,2.2745513916015625
54,14,710.7689819335938,1153.073486328125,2.2745513916015625
54,15,710.7688598632812,1153.0673828125,2.2745513916015625
54,16,710.7800903320312,1153.064697265625,2.2745513916015625
54,17,710.7760009765625,1153.06787109375,2.2745513916015625
54,18,710.785400390625,1153.064208984375,2.2745513916015625
54,19,710.7889404296875,1153.076171875,2.2745513916015625
54,20,710.772705078125,1153.0721435546875,2.2745513916015625
54,21,710.7845458984375,1153.0733642578125,2.2745513916015625
54,22,710.786376953125,1153.064208984375,2.2745513916015625
54,23,710.7850952148438,1153.0689697265625,2.2745513916015625
54,24,710.7737426757812,1153.0672607421875,2.2745513916015625
54,25,710.7926635742188,1153.087890625,2.2745513916015625
54,26,710.8026733398438,1153.067138671875,2.2745513916015625
54,27,710.7960205078125,1153.0772705078125,2.2745513916015625
54,28,710.8001708984375,1153.072265625,2.2745513916015625
54,29,710.8009033203125,1153.1033935546875,2.2745513916015625
55,0,710.7774658203125,1153.1143798828125,2.2586898803710938
55,1,710.7733764648438,1153.1104736328125,2.2586898803710938
55,2,710.7774047851562,1153.081298828125,2.2586898803710938
55,3,710.7853393554688,1153.0780029296875,2.2586898803710938
55,4,710.7756958007812,1153.076904296875,2.2586898803710938
55,5,710.7715454101562,1153.081298828125,2.2586898803710938
55,6,710.7611694335938,1153.0836181640625,2.2586898803710938
55,7,710.7937622070312,1153.0714111328125,2.2586898803710938
55,8,710.7907104492188,1153.0833740234375,2.2586898803710938
55,9,710.7653198242188,1153.0743408203125,2.2586898803710938
55,10,710.79345703125,1153.0875244140625,2.2586898803710938
55,11,710.7821044921875,1153.0645751953125,2.2586898803710938
55,12,710.7874755859375,1153.0841064453125,2.2586898803710938
55,13,710.7807006835938,1153.0794677734375,2.2586898803710938
55,14,710.7869262695312,1153.0841064453125,2.2586898803710938
55,15,710.781982421875,1153.072021484375,2.2586898803710938
55,16,710.7962646484375,1153.0701904296875,2.2586898803710938
55,17,710.7881469726562,1153.083251953125,2.2586898803710938
55,18,710.795654296875,1153.0784912109375,2.2586898803710938
55,19,710.7988891601562,1153.0831298828125,2.2586898803710938
55,20,710.7889404296875,1153.0684814453125,2.2586898803710938
55,21,710.794677734375,1153.0780029296875,2.2586898803710938
55,22,710.7898559570312,1153.0765380859375,2.2586898803710938
55,23,710.794677734375,1153.0682373046875,2.2586898803710938
55,24,710.783203125,1153.071533203125,2.2586898803710938
55,25,710.80224609375,1153.0931396484375,2.2586898803710938
55,26,710.7998046875,1153.0831298828125,2.2586898803710938
55,27,710.7952270507812,1153.0789794921875,2.2586898803710938
55,28,710.7975463867188,1153.088623046875,2.2586898803710938
55,29,710.8007202148438,1153.1077880859375,2.2586898803710938
56,0,710.7835693359375,1153.1168212890625,2.263044595718384
56,1,710.7794189453125,1153.1025390625,2.263044595718384
56,2,710.7796020507812,1153.081298828125,2.263044595718384
56,3,710.77685546875,1153.074951171875,2.263044595718384
56,4,710.773193359375,1153.0667724609375,2.263044595718384
56,5,710.7662353515625,1153.0799560546875,2.263044595718384
56,6,710.7723999023438,1153.071533203125,2.263044595718384
56,7,710.798828125,1153.0670166015625,2.263044595718384
56,8,710.78369140625,1153.0797119140625,2.263044595718384
56,9,710.76611328125,1153.0745849609375,2.263044595718384
56,10,710.7859497070312,1153.0771484375,2.263044595718384
56,11,710.786376953125,1153.069580078125,2.263044595718384
56,12,710.7847290039062,1153.0755615234375,2.263044595718384
56,13,710.7766723632812,1153.0718994140625,2.263044595718384
56,14,710.7782592773438,1153.0831298828125,2.263044595718384
56,15,710.7840576171875,1153.066162109375,2.263044595718384
56,16,710.7937622070312,1153.0655517578125,2.263044595718384
56,17,710.786865234375,1153.0777587890625,2.263044595718384
56,18,710.7922973632812,1153.076171875,2.263044595718384
56,19,710.7959594726562,1153.0831298828125,2.263044595718384
56,20,710.7842407226562,1153.06982421875,2.263044595718384
56,21,710.79052734375,1153.0767822265625,2.263044595718384
56,22,710.7935791015625,1153.08203125,2.263044595718384
56,23,710.7979125976562,1153.0726318359375,2.263044595718384
56,24,710.7809448242188,1153.06787109375,2.263044595718384
56,25,710.8021240234375,1153.089111328125,2.263044595718384
56,26,710.8018188476562,1153.090576171875,2.263044595718384
56,27,710.8009643554688,1153.081787109375,2.263044595718384
56,28,710.8045654296875,1153.09375,2.263044595718384
56,29,710.8082275390625,1153.114501953125,2.263044595718384
57,0,708.0474243164062,1166.301025390625,1.25094735622406
57,1,707.751953125,1164.845947265625,1.25094735622406
57,2,707.475341796875,1163.3892822265625,1.25094735622406
57,3,707.1929931640625,1162.0050048828125,1.25094735622406
57,4,706.8955688476562,1160.6490478515625,1.25094735622406
57,5,706.6194458007812,1159.2994384765625,1.25094735622406
57,6,706.3555908203125,1158.010986328125,1.25094735622406
57,7,706.0606689453125,1156.7872314453125,1.25094735622406
57,8,705.8031616210938,1155.567138671875,1.25094735622406
57,9,705.5494995117188,1154.4000244140625,1.25094735622406
57,10,705.2957763671875,1153.2607421875,1.25094735622406
57,11,705.0679321289062,1152.2100830078125,1.25094735622406
57,12,704.8335571289062,1151.1820068359375,1.25094735622406
57,13,704.6112670898438,1150.181396484375,1.25094735622406
57,14,704.4037475585938,1149.2576904296875,1.25094735622406
57,15,704.2098999023438,1148.360595703125,1.25094735622406
57,16,704.0370483398438,1147.520751953125,1.25094735622406
57,17,703.8666381835938,1146.7322998046875,1.25094735622406
57,18,703.7445678710938,1146.007568359375,1.25094735622406
57,19,703.6024780273438,1145.3199462890625,1.25094735622406
57,20,703.4647827148438,1144.6575927734375,1.25094735622406
57,21,703.4015502929688,1144.1065673828125,1.25094735622406
57,22,703.343017578125,1143.584228515625,1.25094735622406
57,23,703.3021240234375,1143.118408203125,1.25094735622406
57,24,703.2863159179688,1142.6961669921875,1.25094735622406
57,25,703.2937622070312,1142.3477783203125,1.25094735622406
57,26,703.3049926757812,1142.039794921875,1.25094735622406
57,27,703.3609008789062,1141.8187255859375,1.25094735622406
57,28,703.453125,1141.6453857421875,1.25094735622406
57,29,703.5247802734375,1141.4776611328125,1.25094735622406
58,0,710.8004150390625,1153.1048583984375,2.3112685680389404
58,1,710.790771484375,1153.1002197265625,2.3112685680389404
58,2,710.7940673828125,1153.0814208984375,2.3112685680389404
58,3,710.7938842773438,1153.0712890625,2.3112685680389404
58,4,710.7797241210938,1153.0638427734375,2.3112685680389404
58,5,710.7804565429688,1153.07275390625,2.3112685680389404
58,6,710.784912109375,1153.076416015625,2.3112685680389404
58,7,710.8029174804688,1153.0726318359375,2.3112685680389404
58,8,710.796630859375,1153.0791015625,2.3112685680389404
58,9,710.7743530273438,1153.0738525390625,2.3112685680389404
58,10,710.79541015625,1153.069580078125,2.3112685680389404
58,11,710.799560546875,1153.0682373046875,2.3112685680389404
58,12,710.7940063476562,1153.0682373046875,2.3112685680389404
58,13,710.77880859375,1153.0718994140625,2.3112685680389404
58,14,710.78564453125,1153.074951171875,2.3112685680389404
58,15,710.7822875976562,1153.056884765625,2.3112685680389404
58,16,710.8063354492188,1153.0621337890625,2.3112685680389404
58,17,710.7830200195312,1153.074462890625,2.3112685680389404
58,18,710.791748046875,1153.0714111328125,2.3112685680389404
58,19,710.78955078125,1153.0809326171875,2.3112685680389404
58,20,710.782470703125,1153.05810546875,2.3112685680389404
58,21,710.7899780273438,1153.0738525390625,2.3112685680389404
58,22,710.7911376953125,1153.0814208984375,2.3112685680389404
58,23,710.7926025390625,1153.0628662109375,2.3112685680389404
58,24,710.7796630859375,1153.0771484375,2.3112685680389404
58,25,710.798095703125,1153.084228515625,2.3112685680389404
58,26,710.7953491210938,1153.0804443359375,2.3112685680389404
58,27,710.790283203125,1153.079345703125,2.3112685680389404
58,28,710.7896118164062,1153.093994140625,2.3112685680389404
58,29,710.781494140625,1153.0982666015625,2.3112685680389404
59,0,699.44677734375,1109.2684326171875,-1.0756745338439941
59,1,699.4371337890625,1109.168701171875,-1.0756745338439941
59,2,699.4227294921875,1109.089111328125,-1.0756745338439941
59,3,699.4044189453125,1109.029541015625,-1.0756745338439941
59,4,699.3831787109375,1108.9896240234375,-1.0756745338439941
59,5,699.3599243164062,1108.96923828125,-1.0756745338439941
59,6,699.3356323242188,1108.9681396484375,-1.0756745338439941
59,7,699.3113403320312,1108.986328125,-1.0756745338439941
59,8,699.2879028320312,1109.0234375,-1.0756745338439941
59,9,699.2662963867188,1109.079345703125,-1.0756745338439941
59,10,699.2474975585938,1109.154052734375,-1.0756745338439941
59,11,699.2324829101562,1109.2469482421875,-1.0756745338439941
59,12,699.22216796875,1109.3582763671875,-1.0756745338439941
59,13,699.217529296875,1109.4876708984375,-1.0756745338439941
59,14,699.219482421875,1109.635009765625,-1.0756745338439941
59,15,699.2291259765625,1109.8001708984375,-1.0756745338439941
59,16,699.2472534179688,1109.98291015625,-1.0756745338439941
59,17,699.27490234375,1110.18310546875,-1.0756745338439941
59,18,699.3130493164062,1110.4005126953125,-1.0756745338439941
59,19,699.3626098632812,1110.6348876953125,-1.0756745338439941
59,20,699.424560546875,1110.88623046875,-1.0756745338439941
59,21,699.4998168945312,1111.154296875,-1.0756745338439941
59,22,699.5894165039062,1111.4388427734375,-1.0756745338439941
59,23,699.6942749023438,1111.73974609375,-1.0756745338439941
59,24,699.8153076171875,1112.056884765625,-1.0756745338439941
59,25,699.9534912109375,1112.3900146484375,-1.0756745338439941
59,26,700.10986328125,1112.7388916015625,-1.0756745338439941
59,27,700.2852783203125,1113.1036376953125,-1.0756745338439941
59,28,700.4807739257812,1113.483642578125,-1.0756745338439941
59,29,700.6972045898438,1113.8790283203125,-1.0756745338439941
60,0,710.7708740234375,1153.0975341796875,2.303281307220459
60,1,710.7723388671875,1153.0760498046875,2.303281307220459
60,2,710.7796630859375,1153.0579833984375,2.303281307220459
60,3,710.78466796875,1153.06982421875,2.303281307220459
60,4,710.7601928710938,1153.0579833984375,2.303281307220459
60,5,710.7749633789062,1153.0750732421875,2.303281307220459
60,6,710.7777099609375,1153.0552978515625,2.303281307220459
60,7,710.7777709960938,1153.034423828125,2.303281307220459
60,8,710.7800903320312,1153.06005859375,2.303281307220459
60,9,710.770751953125,1153.047119140625,2.303281307220459
60,10,710.7760009765625,1153.060546875,2.303281307220459
60,11,710.7745971679688,1153.03466796875,2.303281307220459
60,12,710.7825927734375,1153.051513671875,2.303281307220459
60,13,710.7655029296875,1153.0489501953125,2.303281307220459
60,14,710.7800903320312,1153.0750732421875,2.303281307220459
60,15,710.776123046875,1153.060546875,2.303281307220459
60,16,710.78369140625,1153.0654296875,2.303281307220459
60,17,710.778564453125,1153.068115234375,2.303281307220459
60,18,710.78955078125,1153.0640869140625,2.303281307220459
60,19,710.7951049804688,1153.0845947265625,2.303281307220459
60,20,710.7767944335938,1153.072265625,2.303281307220459
60,21,710.78515625,1153.0699462890625,2.303281307220459
60,22,710.7906494140625,1153.0621337890625,2.303281307220459
60,23,710.7896118164062,1153.0733642578125,2.303281307220459
60,24,710.7717895507812,1153.0654296875,2.303281307220459
60,25,710.7954711914062,1153.082763671875,2.303281307220459
60,26,710.798583984375,1153.065185546875,2.303281307220459
60,27,710.7926025390625,1153.082763671875,2.303281307220459
60,28,710.797607421875,1153.072265625,2.303281307220459
60,29,710.7976684570312,1153.103271484375,2.303281307220459
61,0,710.7761840820312,1153.0997314453125,2.2673346996307373
61,1,710.7703857421875,1153.0841064453125,2.2673346996307373
61,2,710.7694702148438,1153.05859375,2.2673346996307373
61,3,710.7720336914062,1153.0682373046875,2.2673346996307373
61,4,710.7683715820312,1153.0604248046875,2.2673346996307373
61,5,710.76708984375,1153.071044921875,2.2673346996307373
61,6,710.7686767578125,1153.0662841796875,2.2673346996307373
61,7,710.789306640625,1153.055419921875,2.2673346996307373
61,8,710.7797241210938,1153.0718994140625,2.2673346996307373
61,9,710.7646484375,1153.0621337890625,2.2673346996307373
61,10,710.7783203125,1153.0712890625,2.2673346996307373
61,11,710.7742919921875,1153.05859375,2.2673346996307373
61,12,710.7785034179688,1153.063720703125,2.2673346996307373
61,13,710.7804565429688,1153.0665283203125,2.2673346996307373
61,14,710.7816772460938,1153.07763671875,2.2673346996307373
61,15,710.7813720703125,1153.0703125,2.2673346996307373
61,16,710.7898559570312,1153.05859375,2.2673346996307373
61,17,710.7867431640625,1153.0830078125,2.2673346996307373
61,18,710.790283203125,1153.0762939453125,2.2673346996307373
61,19,710.798095703125,1153.085693359375,2.2673346996307373
61,20,710.7872924804688,1153.0701904296875,2.2673346996307373
61,21,710.7897338867188,1153.081787109375,2.2673346996307373
61,22,710.7947387695312,1153.0751953125,2.2673346996307373
61,23,710.793212890625,1153.0732421875,2.2673346996307373
61,24,710.7799682617188,1153.076904296875,2.2673346996307373
61,25,710.8045654296875,1153.0975341796875,2.2673346996307373
61,26,710.8037719726562,1153.092041015625,2.2673346996307373
61,27,710.8029174804688,1153.0888671875,2.2673346996307373
61,28,710.8052368164062,1153.090087890625,2.2673346996307373
61,29,710.8157348632812,1153.12158203125,2.2673346996307373
62,0,710.7583618164062,1153.0970458984375,2.297595262527466
62,1,710.7625732421875,1153.0780029296875,2.297595262527466
62,2,710.7723388671875,1153.0606689453125,2.297595262527466
62,3,710.7814331054688,1153.072021484375,2.297595262527466
62,4,710.7556762695312,1153.0625,2.297595262527466
62,5,710.7699584960938,1153.0799560546875,2.297595262527466
62,6,710.7716674804688,1153.0594482421875,2.297595262527466
62,7,710.771484375,1153.0350341796875,2.297595262527466
62,8,710.7792358398438,1153.0615234375,2.297595262527466
62,9,710.7653198242188,1153.047119140625,2.297595262527466
62,10,710.7747802734375,1153.0628662109375,2.297595262527466
62,11,710.772216796875,1153.037109375,2.297595262527466
62,12,710.7815551757812,1153.0537109375,2.297595262527466
62,13,710.7632446289062,1153.0526123046875,2.297595262527466
62,14,710.7778930664062,1153.0770263671875,2.297595262527466
62,15,710.7714233398438,1153.0623779296875,2.297595262527466
62,16,710.7826538085938,1153.067626953125,2.297595262527466
62,17,710.7775268554688,1153.0697021484375,2.297595262527466
62,18,710.7875366210938,1153.0653076171875,2.297595262527466
62,19,710.794677734375,1153.0858154296875,2.297595262527466
62,20,710.7728881835938,1153.0728759765625,2.297595262527466
62,21,710.7839965820312,1153.068359375,2.297595262527466
62,22,710.7881469726562,1153.062744140625,2.297595262527466
62,23,710.7877197265625,1153.072998046875,2.297595262527466
62,24,710.7736206054688,1153.0665283203125,2.297595262527466
62,25,710.7952270507812,1153.0831298828125,2.297595262527466
62,26,710.8008422851562,1153.064697265625,2.297595262527466
62,27,710.7937622070312,1153.0830078125,2.297595262527466
62,28,710.7980346679688,1153.071533203125,2.297595262527466
62,29,710.7998046875,1153.1016845703125,2.297595262527466
63,0,710.7721557617188,1153.0797119140625,2.2987096309661865
63,1,710.7896728515625,1153.08203125,2.2987096309661865
63,2,710.7991943359375,1153.072998046875,2.2987096309661865
63,3,710.819580078125,1153.100341796875,2.2987096309661865
63,4,710.7811279296875,1153.101318359375,2.2987096309661865
63,5,710.8023681640625,1153.109619140625,2.2987096309661865
63,6,710.8121337890625,1153.0888671875,2.2987096309661865
63,7,710.78369140625,1153.0709228515625,2.2987096309661865
63,8,710.8113403320312,1153.0859375,2.2987096309661865
63,9,710.806640625,1153.0726318359375,2.2987096309661865
63,10,710.8125,1153.096435546875,2.2987096309661865
63,11,710.8117065429688,1153.0806884765625,2.2987096309661865
63,12,710.8176879882812,1153.0859375,2.2987096309661865
63,13,710.799072265625,1153.09130859375,2.2987096309661865
63,14,710.8013916015625,1153.1094970703125,2.2987096309661865
63,15,710.7911376953125,1153.1077880859375,2.2987096309661865
63,16,710.81005859375,1153.1136474609375,2.2987096309661865
63,17,710.7969970703125,1153.111572265625,2.2987096309661865
63,18,710.80810546875,1153.1021728515625,2.2987096309661865
63,19,710.8212890625,1153.123291015625,2.2987096309661865
63,20,710.7968139648438,1153.1116943359375,2.2987096309661865
63,21,710.796142578125,1153.098876953125,2.2987096309661865
63,22,710.8170776367188,1153.100830078125,2.2987096309661865
63,23,710.8062133789062,1153.1124267578125,2.2987096309661865
63,24,710.7969970703125,1153.108154296875,2.2987096309661865
63,25,710.8054809570312,1153.10498046875,2.2987096309661865
63,26,710.81640625,1153.0919189453125,2.2987096309661865
63,27,710.8104248046875,1153.1265869140625,2.2987096309661865
63,28,710.8096313476562,1153.0947265625,2.2987096309661865
63,29,710.8078002929688,1153.12939453125,2.2987096309661865
64,0,710.6907958984375,1153.09765625,2.657000780105591
64,1,710.7019653320312,1153.107177734375,2.657000780105591
64,2,710.7132568359375,1153.136962890625,2.657000780105591
64,3,710.7504272460938,1153.130859375,2.657000780105591
64,4,710.752197265625,1153.142822265625,2.657000780105591
64,5,710.7457275390625,1153.1297607421875,2.657000780105591
64,6,710.7227783203125,1153.0972900390625,2.657000780105591
64,7,710.732421875,1153.113037109375,2.657000780105591
64,8,710.7979736328125,1153.0830078125,2.657000780105591
64,9,710.7213134765625,1153.0272216796875,2.657000780105591
64,10,710.79833984375,1153.0892333984375,2.657000780105591
64,11,710.7953491210938,1153.0341796875,2.657000780105591
64,12,710.7894287109375,1153.071044921875,2.657000780105591
64,13,710.7498168945312,1153.051513671875,2.657000780105591
64,14,710.710693359375,1153.0413818359375,2.657000780105591
64,15,710.7752075195312,1153.062255859375,2.657000780105591
64,16,710.7830200195312,1153.04150390625,2.657000780105591
64,17,710.7481689453125,1153.0216064453125,2.657000780105591
64,18,710.7549438476562,1153.004150390625,2.657000780105591
64,19,710.76220703125,1153.0267333984375,2.657000780105591
64,20,710.711181640625,1152.9635009765625,2.657000780105591
64,21,710.7281494140625,1153.0458984375,2.657000780105591
64,22,710.7765502929688,1153.0430908203125,2.657000780105591
64,23,710.7529296875,1153.0421142578125,2.657000780105591
64,24,710.761474609375,1153.01416015625,2.657000780105591
64,25,710.7601318359375,1153.0174560546875,2.657000780105591
64,26,710.7769775390625,1153.0159912109375,2.657000780105591
64,27,710.7761840820312,1153.0513916015625,2.657000780105591
64,28,710.7702026367188,1153.056640625,2.657000780105591
64,29,710.7615356445312,1153.04638671875,2.657000780105591
65,0,710.767822265625,1153.095458984375,2.2812769412994385
65,1,710.7620849609375,1153.0828857421875,2.2812769412994385
65,2,710.7730712890625,1153.060791015625,2.2812769412994385
65,3,710.7789306640625,1153.06689453125,2.2812769412994385
65,4,710.7630004882812,1153.0634765625,2.2812769412994385
65,5,710.773193359375,1153.07177734375,2.2812769412994385
65,6,710.76513671875,1153.06005859375,2.2812769412994385
65,7,710.7783203125,1153.0394287109375,2.2812769412994385
65,8,710.7824096679688,1153.0628662109375,2.2812769412994385
65,9,710.76171875,1153.0447998046875,2.2812769412994385
65,10,710.7807006835938,1153.06591796875,2.2812769412994385
65,11,710.7743530273438,1153.0369873046875,2.2812769412994385
65,12,710.7852783203125,1153.0552978515625,2.2812769412994385
65,13,710.7650756835938,1153.0517578125,2.2812769412994385
65,14,710.7754516601562,1153.0728759765625,2.2812769412994385
65,15,710.7728881835938,1153.0638427734375,2.2812769412994385
65,16,710.7828369140625,1153.058349609375,2.2812769412994385
65,17,710.77734375,1153.064697265625,2.2812769412994385
65,18,710.788818359375,1153.0623779296875,2.2812769412994385
65,19,710.79248046875,1153.074951171875,2.2812769412994385
65,20,710.7737426757812,1153.0648193359375,2.2812769412994385
65,21,710.788330078125,1153.0673828125,2.2812769412994385
65,22,710.7862548828125,1153.063720703125,2.2812769412994385
65,23,710.7872924804688,1153.0672607421875,2.2812769412994385
65,24,710.7734985351562,1153.0635986328125,2.2812769412994385
65,25,710.7918090820312,1153.083740234375,2.2812769412994385
65,26,710.8004150390625,1153.0660400390625,2.2812769412994385
65,27,710.7949829101562,1153.0767822265625,2.2812769412994385
65,28,710.7987670898438,1153.0731201171875,2.2812769412994385
65,29,710.8004760742188,1153.10498046875,2.2812769412994385
66,0,710.8195190429688,1153.0787353515625,2.278733491897583
66,1,710.8138427734375,1153.0758056640625,2.278733491897583
66,2,710.8043212890625,1153.05078125,2.278733491897583
66,3,710.8050537109375,1153.06298828125,2.278733491897583
66,4,710.7963256835938,1153.05029296875,2.278733491897583
66,5,710.8029174804688,1153.066162109375,2.278733491897583
66,6,710.80126953125,1153.0628662109375,2.278733491897583
66,7,710.8193359375,1153.0482177734375,2.278733491897583
66,8,710.8013916015625,1153.068603515625,2.278733491897583
66,9,710.7896118164062,1153.061279296875,2.278733491897583
66,10,710.7970581054688,1153.0650634765625,2.278733491897583
66,11,710.7916870117188,1153.0601806640625,2.278733491897583
66,12,710.796142578125,1153.0565185546875,2.278733491897583
66,13,710.79833984375,1153.0657958984375,2.278733491897583
66,14,710.7979736328125,1153.07861328125,2.278733491897583
66,15,710.7907104492188,1153.06689453125,2.278733491897583
66,16,710.798583984375,1153.0599365234375,2.278733491897583
66,17,710.7900390625,1153.08642578125,2.278733491897583
66,18,710.79931640625,1153.0748291015625,2.278733491897583
66,19,710.8085327148438,1153.0897216796875,2.278733491897583
66,20,710.7888793945312,1153.07177734375,2.278733491897583
66,21,710.7932739257812,1153.0810546875,2.278733491897583
66,22,710.7996215820312,1153.0697021484375,2.278733491897583
66,23,710.7965087890625,1153.0736083984375,2.278733491897583
66,24,710.7828979492188,1153.073974609375,2.278733491897583
66,25,710.8077392578125,1153.0933837890625,2.278733491897583
66,26,710.8028564453125,1153.084716796875,2.278733491897583
66,27,710.8082275390625,1153.0887451171875,2.278733491897583
66,28,710.8049926757812,1153.082275390625,2.278733491897583
66,29,710.8097534179688,1153.1072998046875,2.278733491897583
67,0,710.7648315429688,1153.1134033203125,2.273207187652588
67,1,710.7657470703125,1153.11572265625,2.273207187652588
67,2,710.7764282226562,1153.080322265625,2.273207187652588
67,3,710.792236328125,1153.0933837890625,2.273207187652588
67,4,710.7709350585938,1153.1107177734375,2.273207187652588
67,5,710.7827758789062,1153.1102294921875,2.273207187652588
67,6,710.7705078125,1153.103759765625,2.273207187652588
67,7,710.7806396484375,1153.0765380859375,2.273207187652588
67,8,710.8058471679688,1153.085693359375,2.273207187652588
67,9,710.7745361328125,1153.064208984375,2.273207187652588
67,10,710.794189453125,1153.0968017578125,2.273207187652588
67,11,710.7938842773438,1153.080322265625,2.273207187652588
67,12,710.802734375,1153.08544921875,2.273207187652588
67,13,710.77880859375,1153.089599609375,2.273207187652588
67,14,710.7863159179688,1153.0958251953125,2.273207187652588
67,15,710.7735595703125,1153.0931396484375,2.273207187652588
67,16,710.7904663085938,1153.0848388671875,2.273207187652588
67,17,710.784912109375,1153.0958251953125,2.273207187652588
67,18,710.7908325195312,1153.0869140625,2.273207187652588
67,19,710.80078125,1153.09765625,2.273207187652588
67,20,710.7821655273438,1153.08251953125,2.273207187652588
67,21,710.7884521484375,1153.083984375,2.273207187652588
67,22,710.7908325195312,1153.080078125,2.273207187652588
67,23,710.7921752929688,1153.083740234375,2.273207187652588
67,24,710.7811889648438,1153.0869140625,2.273207187652588
67,25,710.798583984375,1153.0968017578125,2.273207187652588
67,26,710.802978515625,1153.0816650390625,2.273207187652588
67,27,710.798583984375,1153.0955810546875,2.273207187652588
67,28,710.798583984375,1153.079345703125,2.273207187652588
67,29,710.7847900390625,1153.1046142578125,2.273207187652588
68,0,710.7864990234375,1153.047607421875,2.296908378601074
68,1,710.7836303710938,1153.0650634765625,2.296908378601074
68,2,710.7953491210938,1153.061279296875,2.296908378601074
68,3,710.814453125,1153.061279296875,2.296908378601074
68,4,710.8074340820312,1153.0821533203125,2.296908378601074
68,5,710.793701171875,1153.06005859375,2.296908378601074
68,6,710.7686767578125,1153.0760498046875,2.296908378601074
68,7,710.7791748046875,1153.05078125,2.296908378601074
68,8,710.829345703125,1153.057373046875,2.296908378601074
68,9,710.7862548828125,1153.050048828125,2.296908378601074
68,10,710.8157348632812,1153.0733642578125,2.296908378601074
68,11,710.8117065429688,1153.0428466796875,2.296908378601074
68,12,710.81591796875,1153.069091796875,2.296908378601074
68,13,710.7965698242188,1153.0732421875,2.296908378601074
68,14,710.7941284179688,1153.0565185546875,2.296908378601074
68,15,710.7781372070312,1153.0745849609375,2.296908378601074
68,16,710.8114624023438,1153.0614013671875,2.296908378601074
68,17,710.8008422851562,1153.0888671875,2.296908378601074
68,18,710.7940673828125,1153.0631103515625,2.296908378601074
68,19,710.8036499023438,1153.0614013671875,2.296908378601074
68,20,710.7833862304688,1153.0386962890625,2.296908378601074
68,21,710.7962646484375,1153.0716552734375,2.296908378601074
68,22,710.7937622070312,1153.0771484375,2.296908378601074
68,23,710.7826538085938,1153.05419921875,2.296908378601074
68,24,710.8095703125,1153.0753173828125,2.296908378601074
68,25,710.7986450195312,1153.078857421875,2.296908378601074
68,26,710.8026733398438,1153.0792236328125,2.296908378601074
68,27,710.8026733398438,1153.0902099609375,2.296908378601074
68,28,710.7964477539062,1153.081298828125,2.296908378601074
68,29,710.800537109375,1153.1134033203125,2.296908378601074
69,0,710.7810668945312,1153.0987548828125,2.299729585647583
69,1,710.7673950195312,1153.0986328125,2.299729585647583
69,2,710.766357421875,1153.054931640625,2.299729585647583
69,3,710.7960815429688,1153.0999755859375,2.299729585647583
69,4,710.7802734375,1153.0960693359375,2.299729585647583
69,5,710.7715454101562,1153.1024169921875,2.299729585647583
69,6,710.75732421875,1153.1044921875,2.299729585647583
69,7,710.781494140625,1153.0654296875,2.299729585647583
69,8,710.82177734375,1153.0892333984375,2.299729585647583
69,9,710.7647705078125,1153.0498046875,2.299729585647583
69,10,710.7903442382812,1153.097412109375,2.299729585647583
69,11,710.7782592773438,1153.086181640625,2.299729585647583
69,12,710.7806396484375,1153.07373046875,2.299729585647583
69,13,710.8046264648438,1153.0919189453125,2.299729585647583
69,14,710.7896728515625,1153.078857421875,2.299729585647583
69,15,710.7831420898438,1153.0968017578125,2.299729585647583
69,16,710.7919311523438,1153.072509765625,2.299729585647583
69,17,710.7897338867188,1153.110107421875,2.299729585647583
69,18,710.79443359375,1153.099609375,2.299729585647583
69,19,710.7972412109375,1153.09521484375,2.299729585647583
69,20,710.7824096679688,1153.0860595703125,2.299729585647583
69,21,710.784423828125,1153.086181640625,2.299729585647583
69,22,710.7913208007812,1153.078369140625,2.299729585647583
69,23,710.78466796875,1153.0806884765625,2.299729585647583
69,24,710.7900390625,1153.0947265625,2.299729585647583
69,25,710.79931640625,1153.0972900390625,2.299729585647583
69,26,710.8164672851562,1153.0931396484375,2.299729585647583
69,27,710.8131103515625,1153.089599609375,2.299729585647583
69,28,710.7908325195312,1153.0806884765625,2.299729585647583
69,29,710.81689453125,1153.1033935546875,2.299729585647583
70,0,710.797607421875,1153.0919189453125,2.3041164875030518
70,1,710.7882080078125,1153.0853271484375,2.3041164875030518
70,2,710.789794921875,1153.0765380859375,2.3041164875030518
70,3,710.7791748046875,1153.060546875,2.3041164875030518
70,4,710.7758178710938,1153.0574951171875,2.3041164875030518
70,5,710.7651977539062,1153.0665283203125,2.3041164875030518
70,6,710.7821655273438,1153.0679931640625,2.3041164875030518
70,7,710.7969970703125,1153.07275390625,2.3041164875030518
70,8,710.7874145507812,1153.077392578125,2.3041164875030518
70,9,710.767333984375,1153.072509765625,2.3041164875030518
70,10,710.7774658203125,1153.070068359375,2.3041164875030518
70,11,710.7967529296875,1153.075439453125,2.3041164875030518
70,12,710.7869873046875,1153.0723876953125,2.3041164875030518
70,13,710.7666015625,1153.0723876953125,2.3041164875030518
70,14,710.7752075195312,1153.078125,2.3041164875030518
70,15,710.7818603515625,1153.0584716796875,2.3041164875030518
70,16,710.798095703125,1153.0648193359375,2.3041164875030518
70,17,710.7807006835938,1153.0721435546875,2.3041164875030518
70,18,710.782470703125,1153.0753173828125,2.3041164875030518
70,19,710.78466796875,1153.0804443359375,2.3041164875030518
70,20,710.7725219726562,1153.0665283203125,2.3041164875030518
70,21,710.7840576171875,1153.0782470703125,2.3041164875030518
70,22,710.7886352539062,1153.0885009765625,2.3041164875030518
70,23,710.7908325195312,1153.0758056640625,2.3041164875030518
70,24,710.7697143554688,1153.07568359375,2.3041164875030518
70,25,710.7882080078125,1153.090087890625,2.3041164875030518
70,26,710.792724609375,1153.088623046875,2.3041164875030518
70,27,710.78857421875,1153.0802001953125,2.3041164875030518
70,28,710.7940063476562,1153.104736328125,2.3041164875030518
70,29,710.7796020507812,1153.1104736328125,2.3041164875030518
71,0,710.7615966796875,1153.09521484375,2.2973554134368896
71,1,710.7650146484375,1153.0767822265625,2.2973554134368896
71,2,710.77392578125,1153.0595703125,2.2973554134368896
71,3,710.78271484375,1153.071044921875,2.2973554134368896
71,4,710.7570190429688,1153.0615234375,2.2973554134368896
71,5,710.7714233398438,1153.0784912109375,2.2973554134368896
71,6,710.7728881835938,1153.0584716796875,2.2973554134368896
71,7,710.7726440429688,1153.0340576171875,2.2973554134368896
71,8,710.7799072265625,1153.0609130859375,2.2973554134368896
71,9,710.7666625976562,1153.046875,2.2973554134368896
71,10,710.77490234375,1153.0626220703125,2.2973554134368896
71,11,710.7726440429688,1153.03662109375,2.2973554134368896
71,12,710.7821044921875,1153.0533447265625,2.2973554134368896
71,13,710.763671875,1153.0521240234375,2.2973554134368896
71,14,710.778564453125,1153.0767822265625,2.2973554134368896
71,15,710.7722778320312,1153.06201171875,2.2973554134368896
71,16,710.7830810546875,1153.0675048828125,2.2973554134368896
71,17,710.7777709960938,1153.0697021484375,2.2973554134368896
71,18,710.7879028320312,1153.0655517578125,2.2973554134368896
71,19,710.7947998046875,1153.0858154296875,2.2973554134368896
71,20,710.7730712890625,1153.0736083984375,2.2973554134368896
71,21,710.7841796875,1153.0687255859375,2.2973554134368896
71,22,710.78857421875,1153.0633544921875,2.2973554134368896
71,23,710.7874755859375,1153.073486328125,2.2973554134368896
71,24,710.7734985351562,1153.067138671875,2.2973554134368896
71,25,710.794921875,1153.0836181640625,2.2973554134368896
71,26,710.8005981445312,1153.064453125,2.2973554134368896
71,27,710.7935791015625,1153.0831298828125,2.2973554134368896
71,28,710.7974853515625,1153.072265625,2.2973554134368896
71,29,710.799072265625,1153.1024169921875,2.2973554134368896
72,0,710.7935180664062,1153.099365234375,2.27876877784729
72,1,710.7858276367188,1153.0855712890625,2.27876877784729
72,2,710.7937622070312,1153.0589599609375,2.27876877784729
72,3,710.7926025390625,1153.0699462890625,2.27876877784729
72,4,710.7786254882812,1153.059326171875,2.27876877784729
72,5,710.7854614257812,1153.068359375,2.27876877784729
72,6,710.7802124023438,1153.060546875,2.27876877784729
72,7,710.7918701171875,1153.0452880859375,2.27876877784729
72,8,710.79248046875,1153.0662841796875,2.27876877784729
72,9,710.7783203125,1153.054443359375,2.27876877784729
72,10,710.7889404296875,1153.0682373046875,2.27876877784729
72,11,710.7847900390625,1153.0426025390625,2.27876877784729
72,12,710.7918090820312,1153.0579833984375,2.27876877784729
72,13,710.77490234375,1153.054443359375,2.27876877784729
72,14,710.7880249023438,1153.074951171875,2.27876877784729
72,15,710.7850952148438,1153.0697021484375,2.27876877784729
72,16,710.79296875,1153.0626220703125,2.27876877784729
72,17,710.7850341796875,1153.0701904296875,2.27876877784729
72,18,710.7965698242188,1153.07080078125,2.27876877784729
72,19,710.7979125976562,1153.080078125,2.27876877784729
72,20,710.7848510742188,1153.071044921875,2.27876877784729
72,21,710.7958374023438,1153.0731201171875,2.27876877784729
72,22,710.7938232421875,1153.06884765625,2.27876877784729
72,23,710.7949829101562,1153.0716552734375,2.27876877784729
72,24,710.7777099609375,1153.0697021484375,2.27876877784729
72,25,710.7940673828125,1153.08544921875,2.27876877784729
72,26,710.7977905273438,1153.0751953125,2.27876877784729
72,27,710.7974853515625,1153.0833740234375,2.27876877784729
72,28,710.80322265625,1153.0755615234375,2.27876877784729
72,29,710.8004760742188,1153.1112060546875,2.27876877784729
73,0,710.790283203125,1153.1016845703125,2.2849724292755127
73,1,710.7870483398438,1153.0880126953125,2.2849724292755127
73,2,710.7963256835938,1153.0650634765625,2.2849724292755127
73,3,710.8005981445312,1153.0809326171875,2.2849724292755127
73,4,710.7813720703125,1153.0706787109375,2.2849724292755127
73,5,710.788818359375,1153.0802001953125,2.2849724292755127
73,6,710.7860107421875,1153.0684814453125,2.2849724292755127
73,7,710.7903442382812,1153.0494384765625,2.2849724292755127
73,8,710.7982788085938,1153.0731201171875,2.2849724292755127
73,9,710.7828369140625,1153.060302734375,2.2849724292755127
73,10,710.793212890625,1153.074462890625,2.2849724292755127
73,11,710.7886962890625,1153.0494384765625,2.2849724292755127
73,12,710.7976684570312,1153.06494140625,2.2849724292755127
73,13,710.7760009765625,1153.062255859375,2.2849724292755127
73,14,710.7932739257812,1153.0833740234375,2.2849724292755127
73,15,710.78564453125,1153.079345703125,2.2849724292755127
73,16,710.7947998046875,1153.0728759765625,2.2849724292755127
73,17,710.7868041992188,1153.07568359375,2.2849724292755127
73,18,710.7977905273438,1153.078369140625,2.2849724292755127
73,19,710.8016967773438,1153.0897216796875,2.2849724292755127
73,20,710.7818603515625,1153.0782470703125,2.2849724292755127
73,21,710.7969360351562,1153.07421875,2.2849724292755127
73,22,710.795654296875,1153.0751953125,2.2849724292755127
73,23,710.7962646484375,1153.077880859375,2.2849724292755127
73,24,710.7810668945312,1153.076171875,2.2849724292755127
73,25,710.7938842773438,1153.0885009765625,2.2849724292755127
73,26,710.8016967773438,1153.0777587890625,2.2849724292755127
73,27,710.8004760742188,1153.0888671875,2.2849724292755127
73,28,710.8043823242188,1153.076416015625,2.2849724292755127
73,29,710.801025390625,1153.1136474609375,2.2849724292755127
74,0,710.7762451171875,1153.0797119140625,2.280275583267212
74,1,710.77783203125,1153.0706787109375,2.280275583267212
74,2,710.7869262695312,1153.0628662109375,2.280275583267212
74,3,710.7886962890625,1153.0693359375,2.280275583267212
74,4,710.7841186523438,1153.076171875,2.280275583267212
74,5,710.7734985351562,1153.073486328125,2.280275583267212
74,6,710.7797241210938,1153.081787109375,2.280275583267212
74,7,710.7780151367188,1153.064453125,2.280275583267212
74,8,710.8116455078125,1153.078125,2.280275583267212
74,9,710.7863159179688,1153.0572509765625,2.280275583267212
74,10,710.791748046875,1153.0909423828125,2.280275583267212
74,11,710.7987060546875,1153.070068359375,2.280275583267212
74,12,710.8016357421875,1153.0755615234375,2.280275583267212
74,13,710.7824096679688,1153.086669921875,2.280275583267212
74,14,710.7965698242188,1153.086181640625,2.280275583267212
74,15,710.7908935546875,1153.09228515625,2.280275583267212
74,16,710.800048828125,1153.09375,2.280275583267212
74,17,710.7868041992188,1153.106689453125,2.280275583267212
74,18,710.7894897460938,1153.099609375,2.280275583267212
74,19,710.7965698242188,1153.102294921875,2.280275583267212
74,20,710.7930297851562,1153.1019287109375,2.280275583267212
74,21,710.7979125976562,1153.0955810546875,2.280275583267212
74,22,710.8047485351562,1153.091552734375,2.280275583267212
74,23,710.79443359375,1153.0946044921875,2.280275583267212
74,24,710.7926635742188,1153.1041259765625,2.280275583267212
74,25,710.7940063476562,1153.1026611328125,2.280275583267212
74,26,710.8016967773438,1153.10302734375,2.280275583267212
74,27,710.8013305664062,1153.108154296875,2.280275583267212
74,28,710.80419921875,1153.0972900390625,2.280275583267212
74,29,710.7854614257812,1153.123046875,2.280275583267212
75,0,710.8129272460938,1153.0811767578125,2.2785890102386475
75,1,710.8145141601562,1153.0771484375,2.2785890102386475
75,2,710.8098754882812,1153.0487060546875,2.2785890102386475
75,3,710.8212280273438,1153.0692138671875,2.2785890102386475
75,4,710.7953491210938,1153.06787109375,2.2785890102386475
75,5,710.8020629882812,1153.0780029296875,2.2785890102386475
75,6,710.7901000976562,1153.070068359375,2.2785890102386475
75,7,710.811767578125,1153.052001953125,2.2785890102386475
75,8,710.821044921875,1153.06005859375,2.2785890102386475
75,9,710.8003540039062,1153.0592041015625,2.2785890102386475
75,10,710.8070068359375,1153.082763671875,2.2785890102386475
75,11,710.8038330078125,1153.052490234375,2.2785890102386475
75,12,710.8031616210938,1153.0748291015625,2.2785890102386475
75,13,710.79443359375,1153.07568359375,2.2785890102386475
75,14,710.8043212890625,1153.074462890625,2.2785890102386475
75,15,710.7797241210938,1153.0743408203125,2.2785890102386475
75,16,710.7921142578125,1153.06591796875,2.2785890102386475
75,17,710.795166015625,1153.072998046875,2.2785890102386475
75,18,710.8052978515625,1153.0718994140625,2.2785890102386475
75,19,710.8059692382812,1153.0887451171875,2.2785890102386475
75,20,710.7903442382812,1153.0687255859375,2.2785890102386475
75,21,710.7957763671875,1153.077392578125,2.2785890102386475
75,22,710.803466796875,1153.06396484375,2.2785890102386475
75,23,710.7919921875,1153.0753173828125,2.2785890102386475
75,24,710.7969360351562,1153.0689697265625,2.2785890102386475
75,25,710.8062133789062,1153.0885009765625,2.2785890102386475
75,26,710.805908203125,1153.0816650390625,2.2785890102386475
75,27,710.8065795898438,1153.089111328125,2.2785890102386475
75,28,710.7967529296875,1153.068115234375,2.2785890102386475
75,29,710.8138427734375,1153.1085205078125,2.2785890102386475
